-- phpMyAdmin SQL Dump
-- version 5.2.1
-- https://www.phpmyadmin.net/
--
-- Máy chủ: 127.0.0.1:3306
-- Thời gian đã tạo: Th5 24, 2025 lúc 11:24 AM
-- Phiên bản máy phục vụ: 9.1.0
-- Phiên bản PHP: 8.3.14

SET SQL_MODE = "NO_AUTO_VALUE_ON_ZERO";
START TRANSACTION;
SET time_zone = "+00:00";


/*!40101 SET @OLD_CHARACTER_SET_CLIENT=@@CHARACTER_SET_CLIENT */;
/*!40101 SET @OLD_CHARACTER_SET_RESULTS=@@CHARACTER_SET_RESULTS */;
/*!40101 SET @OLD_COLLATION_CONNECTION=@@COLLATION_CONNECTION */;
/*!40101 SET NAMES utf8mb4 */;

--
-- Cơ sở dữ liệu: `booking_ticket`
--

-- --------------------------------------------------------

--
-- Cấu trúc bảng cho bảng `admin`
--

DROP TABLE IF EXISTS `admin`;
CREATE TABLE IF NOT EXISTS `admin` (
  `id` int NOT NULL AUTO_INCREMENT,
  `username` varchar(50) NOT NULL,
  `password` varchar(255) NOT NULL,
  `fullname` varchar(100) DEFAULT NULL,
  `email` varchar(100) DEFAULT NULL,
  PRIMARY KEY (`id`),
  UNIQUE KEY `username` (`username`)
) ENGINE=InnoDB AUTO_INCREMENT=4 DEFAULT CHARSET=utf8mb4 COLLATE=utf8mb4_0900_ai_ci;

--
-- Đang đổ dữ liệu cho bảng `admin`
--

INSERT INTO `admin` (`id`, `username`, `password`, `fullname`, `email`) VALUES
(1, 'admin', '$2y$10$92IXUNpkjO0rOQ5byMi.Ye4oKoEa3Ro9llC/.og/at2.uheWG/igi', 'Quản trị viên hệ thống', 'admin@cinema.com'),
(2, 'manager', '$2y$10$92IXUNpkjO0rOQ5byMi.Ye4oKoEa3Ro9llC/.og/at2.uheWG/igi', 'Nguyễn Văn Quản', 'manager@cinema.com'),
(3, 'staff', '$2y$10$92IXUNpkjO0rOQ5byMi.Ye4oKoEa3Ro9llC/.og/at2.uheWG/igi', 'Trần Thị Nhân Viên', 'staff@cinema.com');

-- --------------------------------------------------------

--
-- Cấu trúc bảng cho bảng `booking`
--

DROP TABLE IF EXISTS `booking`;
CREATE TABLE IF NOT EXISTS `booking` (
  `id` int NOT NULL AUTO_INCREMENT,
  `user_id` int NOT NULL,
  `showtime_id` int NOT NULL,
  `booking_date` timestamp NULL DEFAULT CURRENT_TIMESTAMP,
  `total_amount` decimal(10,2) NOT NULL,
  `status` enum('pending','confirmed','cancelled','pending_payment_at_counter') DEFAULT 'pending',
  PRIMARY KEY (`id`),
  KEY `user_id` (`user_id`),
  KEY `showtime_id` (`showtime_id`)
) ENGINE=InnoDB AUTO_INCREMENT=27 DEFAULT CHARSET=utf8mb4 COLLATE=utf8mb4_0900_ai_ci;

--
-- Đang đổ dữ liệu cho bảng `booking`
--

INSERT INTO `booking` (`id`, `user_id`, `showtime_id`, `booking_date`, `total_amount`, `status`) VALUES
(21, 8, 142, '2025-05-24 08:29:19', 140000.00, 'confirmed'),
(22, 8, 142, '2025-05-24 08:29:41', 140000.00, 'confirmed'),
(23, 8, 38, '2025-05-24 09:26:03', 170000.00, 'confirmed'),
(24, 8, 38, '2025-05-24 09:28:56', 85000.00, 'confirmed'),
(25, 8, 38, '2025-05-24 09:29:01', 85000.00, 'pending'),
(26, 8, 35, '2025-05-24 09:37:30', 80000.00, 'pending');

-- --------------------------------------------------------

--
-- Cấu trúc bảng cho bảng `movie`
--

DROP TABLE IF EXISTS `movie`;
CREATE TABLE IF NOT EXISTS `movie` (
  `id` int NOT NULL AUTO_INCREMENT,
  `title` varchar(255) NOT NULL,
  `description` text,
  `genre` varchar(50) DEFAULT NULL,
  `duration` int DEFAULT NULL COMMENT 'Thời lượng phim tính bằng phút',
  `release_date` date DEFAULT NULL,
  `status` enum('coming_soon','now_showing','ended') DEFAULT 'coming_soon',
  `poster_url` varchar(255) DEFAULT NULL COMMENT 'URL ảnh poster phim',
  PRIMARY KEY (`id`)
) ENGINE=InnoDB AUTO_INCREMENT=13 DEFAULT CHARSET=utf8mb4 COLLATE=utf8mb4_0900_ai_ci;

--
-- Đang đổ dữ liệu cho bảng `movie`
--

INSERT INTO `movie` (`id`, `title`, `description`, `genre`, `duration`, `release_date`, `status`, `poster_url`) VALUES
(1, 'Avatar: The Way of Water', 'Phần tiếp theo của bộ phim Avatar huyền thoại từ đạo diễn James Cameron. Sau 13 năm, Jake Sully và Neytiri đã thành lập gia đình và có con. Khi mối đe dọa từ quá khứ trở lại, họ phải rời khỏi nhà và khám phá những vùng đất mới trên hành tinh Pandora. Bộ phim mang đến những cảnh quay ngoạn mục dưới đáy đại dương với công nghệ CGI tiên tiến nhất hiện tại.', 'Sci-Fi', 192, '2025-05-24', 'now_showing', 'https://wallpapercave.com/wp/wp11685712.jpg'),
(2, 'Black Panther: Wakanda Forever', 'Sau cái chết đau lòng của Chadwick Boseman, phần tiếp theo của Black Panther tôn vinh di sản của vua T\'Challa và khám phá hành trình của những người thân yêu anh. Nữ hoàng Ramonda, Shuri, M\'Baku, Okoye và Dora Milaje phải đấu tranh để bảo vệ quốc gia Wakanda khỏi các thế lực can thiệp sau cái chết của vua của họ. Khi người Wakanda cố gắng nắm bắt chương tiếp theo của mình, các anh hùng phải đoàn kết với sự giúp đỡ của War Dog Nakia và Everett Ross.', 'Action', 161, '2025-05-24', 'now_showing', 'https://wallpapercave.com/wp/wp11988217.jpg'),
(3, 'Top Gun: Maverick', 'Sau hơn 30 năm phục vụ với tư cách là một trong những phi công hàng đầu của Hải quân, Pete \"Maverick\" Mitchell đang ở nơi anh thuộc về, thúc đẩy ranh giới với tư cách là một phi công thử nghiệm dũng cảm và né tránh sự thăng tiến trong cấp bậc sẽ đưa anh ra khỏi bầu trời. Khi anh được giao huấn luyện một nhóm tốt nghiệp Top Gun cho một nhiệm vụ chuyên biệt không giống bất kỳ nhiệm vụ nào từng được nhìn thấy, Maverick gặp Lt. Bradley Rooster Bradshaw, con trai của người bạn quá cố Goose.', 'Action', 130, '2025-05-24', 'now_showing', 'https://wallpapercave.com/wp/wp11132273.jpg'),
(4, 'Spider-Man: No Way Home', 'Lần đầu tiên trong lịch sử điện ảnh Spider-Man, Người Nhện hàng xóm thân thiện bị lộ danh tính và không còn có thể tách biệt cuộc sống bình thường với việc làm siêu anh hùng có cược cao. Khi anh nhờ Doctor Strange giúp đỡ, cược trở nên nguy hiểm hơn, buộc anh phải khám phá ý nghĩa thực sự của việc trở thành Spider-Man. Bộ phim quy tụ các phản diện huyền thoại từ các vũ trụ Spider-Man khác nhau bao gồm Green Goblin, Doctor Octopus, Electro, Lizard và Sandman.', 'Action', 148, '2025-05-24', 'now_showing', 'https://wallpapercave.com/wp/wp10415289.jpg'),
(5, 'The Dark Knight', 'The Dark Knight là phần thứ 2 trong bộ 3 phim về Batman của Christopher Nolan, về tổng thể, tác phẩm không đơn thuần chỉ là phim hay về siêu anh hùng cùng những trận đánh với ác nhân xấu xa hay chống lại các sinh vật ngoài vũ trụ, cũng không phải là câu chuyện về những chiến binh sẵn sàng hi sinh để bảo vệ trái đất.', 'Action', 176, '2025-06-04', 'coming_soon', 'https://wallpapercave.com/wp/wp11695724.jpg'),
(6, 'Dune: Part Two', 'Phần tiếp theo hoành tráng của Dune theo chân Paul Atreides khi anh đoàn kết với Chani và người Fremen trong cuộc chiến báo thù chống lại những kẻ âm mưu hủy diệt gia đình anh. Đối mặt với sự lựa chọn giữa tình yêu của cuộc đời mình và số phận của vũ trụ đã biết, Paul cố gắng ngăn chặn một tương lai khủng khiếp mà chỉ có anh mới có thể thấy trước. Denis Villeneuve tiếp tục chuyển thể kiệt tác văn học của Frank Herbert với quy mô và hình ảnh ngoạn mục.', 'Sci-Fi', 166, '2025-06-04', 'coming_soon', 'https://wallpapercave.com/wp/wp12601116.jpg'),
(7, 'Fast X', 'Phần thứ mười trong series Fast & Furious mang đến những pha hành động mãn nhãn và cảm xúc gia đình sâu sắc. Dom Toretto và gia đình anh phải đối mặt với kẻ thù nguy hiểm nhất từ trước đến nay - một mối đe dọa xuất hiện từ bóng tối quá khứ, thúc đẩy bởi sự báo thù đẫm máu và quyết tâm phá tan gia đình này và hủy diệt mọi thứ và mọi người mà Dom yêu thương. Jason Momoa gia nhập dàn cast với vai phản diện đầy ấn tượng.', 'Action', 141, '2025-06-04', 'coming_soon', 'https://wallpapercave.com/wp/wp12302263.jpg'),
(8, 'Oppenheimer', 'Bộ phim tiểu sử sử thi từ đạo diễn Christopher Nolan kể về J. Robert Oppenheimer, nhà vật lý lý thuyết người Mỹ, người đã giúp phát triển bom nguyên tử trong Thế chiến thứ hai. Cillian Murphy thủ vai nhà khoa học thiên tài trong cuộc đấu tranh đạo đức và chính trị xung quanh Manhattan Project. Bộ phim khám phá sâu sắc về tâm lý của một người đàn ông phải đối mặt với hậu quả của phát minh có thể hủy diệt thế giới.', 'Drama', 180, '2025-05-24', 'now_showing', 'https://wallpapercave.com/wp/wp12639445.jpg'),
(9, 'Captain America: Thế Giới Mới', 'Sam Wilson chính thức trở thành Captain America mới và phải đối mặt với những thách thức chưa từng có. Sau các sự kiện của The Falcon and The Winter Soldier, Sam phải học cách sử dụng chiếc khiên vibranium và trở thành biểu tượng hy vọng mà thế giới cần. Bộ phim khám phá hành trình của anh khi đối mặt với các mối đe dọa mới, đồng thời chứng minh rằng anh xứng đáng kế thừa di sản của Steve Rogers. Anthony Mackie tiếp tục vai Sam Wilson/Captain America với sự xuất hiện của Harrison Ford trong vai Tổng thống Ross', 'Action', 125, '2025-05-24', 'now_showing', 'https://wallpapercave.com/wp/wp15008751.webp'),
(10, 'Guardians of the Galaxy Vol. 3', 'Phần cuối trong bộ ba Guardians of the Galaxy từ đạo diễn James Gunn. Đội Guardians vẫn còn choáng váng vì mất Gamora, phải tập hợp lại để bảo vệ vũ trụ và bảo vệ một trong những thành viên của họ. Nếu nhiệm vụ này không thành công, nó có thể dẫn đến sự kết thúc của Guardians như chúng ta biết. Bộ phim hứa hẹn mang đến những cảm xúc mạnh mẽ và câu chuyện về gia đình, tình bạn cùng với những pha hành động vũ trụ ngoạn mục.', 'Action', 150, '2025-05-24', 'now_showing', 'https://wallpapercave.com/wp/wp12277752.jpg'),
(11, 'John Wick: Chapter 4', 'Phần thứ tư trong series hành động đình đám với Keanu Reeves. John Wick khám phá ra con đường để đánh bại High Table. Nhưng trước khi anh có thể kiếm được tự do, Wick phải đối mặt với một kẻ thù mới với những liên minh mạnh mẽ trên khắp thế giới và các thế lực biến những người bạn cũ thành kẻ thù. Bộ phim mang đến những pha võ thuật đỉnh cao, thiết kế hành động sáng tạo và cảnh quay sinematography tuyệt đẹp tại nhiều địa điểm trên thế giới.', 'Action', 169, '2025-06-04', 'coming_soon', 'https://wallpapercave.com/wp/wp11345399.jpg'),
(12, 'Thám Tử Kiên: Kỳ Án Không Đầu', 'Thám Tử Kiên là một nhân vật được yêu thích trong tác phẩm điện của ăn khách Người Vợ Cuối Cùng của Victor Vũ, Thám Tử Kiên: Kỳ Không Đầu sẽ là một phim Victor Vũ trở về với thể loại sở trường Kinh Dị - Trinh Thám sau những tác phẩm tình cảm lãng mạn trước đó. Với slogan đầy ám ảnh: “Kẻ chết không siêu thoát, người sống không lối thoát”, Thám Tử Kiên: Kỳ Án Không Đầu ẩn chứa muôn vàn bí ẩn. Một chuỗi án mạng kinh hoàng tại một ngôi làng hẻo lánh – nơi liên tiếp xảy ra tám vụ giết người với cùng một đặc điểm rợn người: tất cả nạn nhân đều không còn đầu.  Thám Tử Kiên phải đối mặt với vụ án khủng khiếp gây hoang mang tột độ cho dân làng. Ai sẽ là nạn nhân tiếp theo trong chuỗi án mạng rùng rợn? Kiên có tìm ra mấu chốt để lần theo dấu vết hung thủ?', ' Horror, Psychological', 131, '2025-05-24', 'now_showing', 'https://cdn.galaxycine.vn/media/2025/4/28/tham-tu-kien-2_1745832748529.jpg');

--
-- Bẫy `movie`
--
DROP TRIGGER IF EXISTS `after_movie_insert_create_showtime`;
DELIMITER $$
CREATE TRIGGER `after_movie_insert_create_showtime` AFTER INSERT ON `movie` FOR EACH ROW BEGIN
    -- Khai báo tất cả các biến ở đầu khối BEGIN
    DECLARE movie_status ENUM('coming_soon', 'now_showing', 'ended');
    DECLARE movie_release_date DATETIME;
    DECLARE movie_duration_minutes INT;
    DECLARE theater_id_val INT;
    DECLARE showtime_full_datetime DATETIME; -- Đổi tên biến để phản ánh chỉ có 1 cột datetime
    DECLARE showtime_id_new INT;
    DECLARE showtime_date DATE;
    DECLARE done INT DEFAULT FALSE;

    -- Khai báo con trỏ và bộ xử lý lỗi
    DECLARE cur_theaters CURSOR FOR SELECT id FROM theater;
    DECLARE CONTINUE HANDLER FOR NOT FOUND SET done = TRUE;

    -- Lấy thông tin từ bộ phim mới được thêm vào
    SET movie_status = NEW.status;
    SET movie_release_date = NEW.release_date;
    SET movie_duration_minutes = NEW.duration;

    -- Chỉ tạo showtime nếu trạng thái phim là 'now_showing'
    IF movie_status = 'now_showing' THEN
        -- Duyệt qua tất cả các rạp
        OPEN cur_theaters;

        read_loop: LOOP
            FETCH cur_theaters INTO theater_id_val;
            IF done THEN
                LEAVE read_loop;
            END IF;

            -- Tạo suất chiếu cho 7 ngày kể từ ngày phát hành
            SET showtime_date = DATE(movie_release_date);
            WHILE showtime_date <= DATE_ADD(DATE(movie_release_date), INTERVAL 6 DAY) DO -- Chiếu trong 7 ngày
                -- Suất chiếu 1: 10:00 AM
                SET showtime_full_datetime = CONCAT(showtime_date, ' 10:00:00');
                INSERT INTO showtime (movie_id, theater_id, date_time, price, status)
                VALUES (NEW.id, theater_id_val, showtime_full_datetime, 100000, 'scheduled'); -- Giá vé mặc định, trạng thái mặc định

                SET showtime_id_new = LAST_INSERT_ID();

                -- Tạo showtime_seat cho tất cả các ghế trong rạp
                INSERT INTO showtime_seat (showtime_id, seat_id, is_available)
                SELECT showtime_id_new, id, TRUE FROM seat WHERE theater_id = theater_id_val;

                -- Suất chiếu 2: 02:00 PM
                SET showtime_full_datetime = CONCAT(showtime_date, ' 14:00:00');
                INSERT INTO showtime (movie_id, theater_id, date_time, price, status)
                VALUES (NEW.id, theater_id_val, showtime_full_datetime, 100000, 'scheduled');

                SET showtime_id_new = LAST_INSERT_ID();

                -- Tạo showtime_seat cho tất cả các ghế trong rạp
                INSERT INTO showtime_seat (showtime_id, seat_id, is_available)
                SELECT showtime_id_new, id, TRUE FROM seat WHERE theater_id = theater_id_val;

                -- Suất chiếu 3: 07:00 PM
                SET showtime_full_datetime = CONCAT(showtime_date, ' 19:00:00');
                INSERT INTO showtime (movie_id, theater_id, date_time, price, status)
                VALUES (NEW.id, theater_id_val, showtime_full_datetime, 100000, 'scheduled');

                SET showtime_id_new = LAST_INSERT_ID();

                -- Tạo showtime_seat cho tất cả các ghế trong rạp
                INSERT INTO showtime_seat (showtime_id, seat_id, is_available)
                SELECT showtime_id_new, id, TRUE FROM seat WHERE theater_id = theater_id_val;

                SET showtime_date = DATE_ADD(showtime_date, INTERVAL 1 DAY);
            END WHILE;
        END LOOP;

        CLOSE cur_theaters;
    END IF;
END
$$
DELIMITER ;

-- --------------------------------------------------------

--
-- Cấu trúc bảng cho bảng `payment`
--

DROP TABLE IF EXISTS `payment`;
CREATE TABLE IF NOT EXISTS `payment` (
  `id` int NOT NULL AUTO_INCREMENT,
  `booking_id` int NOT NULL,
  `amount` decimal(10,2) NOT NULL,
  `payment_date` timestamp NULL DEFAULT NULL,
  `payment_method` enum('banking','momo','cash') CHARACTER SET utf8mb4 COLLATE utf8mb4_0900_ai_ci NOT NULL,
  `transaction_id` varchar(100) DEFAULT NULL,
  `status` enum('pending','completed','failed','refunded') DEFAULT 'pending',
  PRIMARY KEY (`id`),
  UNIQUE KEY `booking_id` (`booking_id`)
) ENGINE=InnoDB AUTO_INCREMENT=23 DEFAULT CHARSET=utf8mb4 COLLATE=utf8mb4_0900_ai_ci;

--
-- Đang đổ dữ liệu cho bảng `payment`
--

INSERT INTO `payment` (`id`, `booking_id`, `amount`, `payment_date`, `payment_method`, `transaction_id`, `status`) VALUES
(19, 22, 140000.00, '2025-05-24 08:43:24', '', 'CREDIT_CARD_1748076203779', 'completed'),
(20, 21, 140000.00, '2025-05-24 09:24:02', '', 'CREDIT_CARD_1748078642031', 'completed'),
(21, 23, 170000.00, '2025-05-24 09:26:19', '', 'CREDIT_CARD_1748078779288', 'completed'),
(22, 24, 85000.00, '2025-05-24 09:29:12', '', 'CREDIT_CARD_1748078952369', 'completed');

-- --------------------------------------------------------

--
-- Cấu trúc bảng cho bảng `registered_user`
--

DROP TABLE IF EXISTS `registered_user`;
CREATE TABLE IF NOT EXISTS `registered_user` (
  `id` int NOT NULL AUTO_INCREMENT,
  `name` varchar(100) NOT NULL,
  `email` varchar(100) NOT NULL,
  `phone` varchar(20) DEFAULT NULL,
  `password` varchar(255) NOT NULL,
  PRIMARY KEY (`id`),
  UNIQUE KEY `email` (`email`)
) ENGINE=InnoDB AUTO_INCREMENT=9 DEFAULT CHARSET=utf8mb4 COLLATE=utf8mb4_0900_ai_ci;

--
-- Đang đổ dữ liệu cho bảng `registered_user`
--

INSERT INTO `registered_user` (`id`, `name`, `email`, `phone`, `password`) VALUES
(1, 'Nguyễn Văn An', 'nguyenvanan@gmail.com', '0901234567', '$2y$10$92IXUNpkjO0rOQ5byMi.Ye4oKoEa3Ro9llC/.og/at2.uheWG/igi'),
(2, 'Trần Thị Bình', 'tranthibinh@gmail.com', '0912345678', '$2y$10$92IXUNpkjO0rOQ5byMi.Ye4oKoEa3Ro9llC/.og/at2.uheWG/igi'),
(3, 'Lê Minh Cường', 'leminhcuong@gmail.com', '0923456789', '$2y$10$92IXUNpkjO0rOQ5byMi.Ye4oKoEa3Ro9llC/.og/at2.uheWG/igi'),
(4, 'Phạm Thị Dung', 'phamthidung@gmail.com', '0934567890', '$2y$10$92IXUNpkjO0rOQ5byMi.Ye4oKoEa3Ro9llC/.og/at2.uheWG/igi'),
(5, 'Hoàng Văn Em', 'hoangvanem@gmail.com', '0945678901', '$2y$10$92IXUNpkjO0rOQ5byMi.Ye4oKoEa3Ro9llC/.og/at2.uheWG/igi'),
(6, 'Vũ Thị Fang', 'vuthifang@gmail.com', '0956789012', '$2y$10$92IXUNpkjO0rOQ5byMi.Ye4oKoEa3Ro9llC/.og/at2.uheWG/igi'),
(7, 'Test User', 'testuser@example.com', '0123456789', '$2b$10$NIo9VFGPw0UIsL2Ut8jCKunMKog.MHZ/zcNgokYoeJAI8PNjcHXze'),
(8, 'Nguyễn Hải Đăng nè ', 'dangcuh2105@gmail.com', NULL, '$2b$10$pv83YIyUySgHLgkFfoNRDetAIIu4C67B.5Fe8g5ptFPgKHgSozn/.');

-- --------------------------------------------------------

--
-- Cấu trúc bảng cho bảng `seat`
--

DROP TABLE IF EXISTS `seat`;
CREATE TABLE IF NOT EXISTS `seat` (
  `id` int NOT NULL AUTO_INCREMENT,
  `theater_id` int NOT NULL,
  `seat_row` varchar(5) NOT NULL COMMENT 'Ví dụ: A, B, C...',
  `number` int NOT NULL COMMENT 'Số thứ tự ghế trong hàng',
  `type` enum('standard','vip','couple') DEFAULT 'standard',
  PRIMARY KEY (`id`),
  UNIQUE KEY `room_id` (`theater_id`,`seat_row`,`number`)
) ENGINE=InnoDB AUTO_INCREMENT=105 DEFAULT CHARSET=utf8mb4 COLLATE=utf8mb4_0900_ai_ci;

--
-- Đang đổ dữ liệu cho bảng `seat`
--

INSERT INTO `seat` (`id`, `theater_id`, `seat_row`, `number`, `type`) VALUES
(1, 1, 'A', 1, 'standard'),
(2, 1, 'A', 2, 'standard'),
(3, 1, 'A', 3, 'standard'),
(4, 1, 'A', 4, 'standard'),
(5, 1, 'A', 5, 'standard'),
(6, 1, 'A', 6, 'standard'),
(7, 1, 'A', 7, 'standard'),
(8, 1, 'A', 8, 'standard'),
(9, 1, 'A', 9, 'standard'),
(10, 1, 'A', 10, 'standard'),
(11, 1, 'B', 1, 'standard'),
(12, 1, 'B', 2, 'standard'),
(13, 1, 'B', 3, 'standard'),
(14, 1, 'B', 4, 'standard'),
(15, 1, 'B', 5, 'standard'),
(16, 1, 'B', 6, 'standard'),
(17, 1, 'B', 7, 'standard'),
(18, 1, 'B', 8, 'standard'),
(19, 1, 'B', 9, 'standard'),
(20, 1, 'B', 10, 'standard'),
(21, 2, 'A', 1, 'standard'),
(22, 2, 'A', 2, 'standard'),
(23, 2, 'A', 3, 'standard'),
(24, 2, 'A', 4, 'standard'),
(25, 2, 'A', 5, 'standard'),
(26, 2, 'A', 6, 'standard'),
(27, 2, 'A', 7, 'standard'),
(28, 2, 'A', 8, 'standard'),
(29, 2, 'A', 9, 'standard'),
(30, 2, 'A', 10, 'standard'),
(31, 2, 'B', 1, 'standard'),
(32, 2, 'B', 2, 'standard'),
(33, 2, 'B', 3, 'standard'),
(34, 2, 'B', 4, 'standard'),
(35, 2, 'B', 5, 'standard'),
(36, 2, 'B', 6, 'standard'),
(37, 2, 'B', 7, 'standard'),
(38, 2, 'B', 8, 'standard'),
(39, 2, 'B', 9, 'standard'),
(40, 2, 'B', 10, 'standard'),
(41, 3, 'A', 1, 'standard'),
(42, 3, 'A', 2, 'standard'),
(43, 3, 'A', 3, 'standard'),
(44, 3, 'A', 4, 'standard'),
(45, 3, 'A', 5, 'standard'),
(46, 3, 'A', 6, 'standard'),
(47, 3, 'A', 7, 'standard'),
(48, 3, 'A', 8, 'standard'),
(49, 3, 'A', 9, 'standard'),
(50, 3, 'A', 10, 'standard'),
(51, 3, 'B', 1, 'standard'),
(52, 3, 'B', 2, 'standard'),
(53, 3, 'B', 3, 'standard'),
(54, 3, 'B', 4, 'standard'),
(55, 3, 'B', 5, 'standard'),
(56, 3, 'B', 6, 'standard'),
(57, 3, 'B', 7, 'standard'),
(58, 3, 'B', 8, 'standard'),
(59, 3, 'B', 9, 'standard'),
(60, 3, 'B', 10, 'standard'),
(61, 3, 'C', 1, 'standard'),
(62, 3, 'C', 2, 'standard'),
(63, 3, 'C', 3, 'standard'),
(64, 3, 'C', 4, 'standard'),
(65, 3, 'C', 5, 'standard'),
(66, 3, 'C', 6, 'standard'),
(67, 3, 'C', 7, 'standard'),
(68, 3, 'C', 8, 'standard'),
(69, 3, 'C', 9, 'standard'),
(70, 3, 'C', 10, 'standard'),
(71, 4, 'A', 1, 'standard'),
(72, 4, 'A', 2, 'standard'),
(73, 4, 'A', 3, 'standard'),
(74, 4, 'A', 4, 'standard'),
(75, 4, 'A', 5, 'standard'),
(76, 4, 'A', 6, 'standard'),
(77, 4, 'B', 1, 'standard'),
(78, 4, 'B', 2, 'standard'),
(79, 4, 'B', 3, 'standard'),
(80, 4, 'B', 4, 'standard'),
(81, 4, 'B', 5, 'standard'),
(82, 4, 'B', 6, 'standard'),
(83, 4, 'C', 1, 'standard'),
(84, 4, 'C', 2, 'standard'),
(85, 4, 'C', 3, 'couple'),
(86, 4, 'C', 4, 'couple'),
(87, 4, 'C', 5, 'standard'),
(88, 4, 'C', 6, 'standard'),
(89, 4, 'D', 1, 'standard'),
(90, 4, 'D', 2, 'vip'),
(91, 4, 'D', 3, 'vip'),
(92, 4, 'D', 4, 'vip'),
(93, 4, 'D', 5, 'vip'),
(94, 4, 'D', 6, 'standard'),
(95, 5, 'A', 1, 'vip'),
(96, 5, 'A', 2, 'vip'),
(97, 5, 'A', 3, 'vip'),
(98, 5, 'A', 4, 'vip'),
(99, 5, 'A', 5, 'vip'),
(100, 5, 'B', 1, 'vip'),
(101, 5, 'B', 2, 'vip'),
(102, 5, 'B', 3, 'vip'),
(103, 5, 'B', 4, 'vip'),
(104, 5, 'B', 5, 'vip');

-- --------------------------------------------------------

--
-- Cấu trúc bảng cho bảng `showtime`
--

DROP TABLE IF EXISTS `showtime`;
CREATE TABLE IF NOT EXISTS `showtime` (
  `id` int NOT NULL AUTO_INCREMENT,
  `movie_id` int NOT NULL,
  `theater_id` int NOT NULL,
  `date_time` datetime NOT NULL,
  `price` decimal(10,2) NOT NULL,
  `status` enum('open','closed','cancelled') DEFAULT 'open',
  PRIMARY KEY (`id`),
  KEY `movie_id` (`movie_id`),
  KEY `room_id` (`theater_id`)
) ENGINE=InnoDB AUTO_INCREMENT=308 DEFAULT CHARSET=utf8mb4 COLLATE=utf8mb4_0900_ai_ci;

--
-- Đang đổ dữ liệu cho bảng `showtime`
--

INSERT INTO `showtime` (`id`, `movie_id`, `theater_id`, `date_time`, `price`, `status`) VALUES
(23, 1, 1, '2025-05-24 09:00:00', 85000.00, 'open'),
(24, 1, 2, '2025-05-24 14:30:00', 85000.00, 'open'),
(25, 1, 3, '2025-05-24 19:00:00', 90000.00, 'open'),
(26, 1, 5, '2025-05-24 21:30:00', 150000.00, 'open'),
(27, 1, 1, '2025-05-25 10:00:00', 85000.00, 'open'),
(28, 1, 4, '2025-05-25 15:00:00', 95000.00, 'open'),
(29, 1, 3, '2025-05-25 20:00:00', 90000.00, 'open'),
(30, 1, 2, '2025-05-26 13:00:00', 85000.00, 'open'),
(31, 1, 5, '2025-05-26 18:30:00', 150000.00, 'open'),
(32, 2, 2, '2025-05-24 10:30:00', 80000.00, 'open'),
(33, 2, 3, '2025-05-24 16:00:00', 85000.00, 'open'),
(34, 2, 4, '2025-05-24 21:00:00', 90000.00, 'open'),
(35, 2, 1, '2025-05-25 11:30:00', 80000.00, 'open'),
(36, 2, 5, '2025-05-25 17:00:00', 140000.00, 'open'),
(37, 2, 2, '2025-05-25 22:00:00', 80000.00, 'open'),
(38, 2, 3, '2025-05-26 14:30:00', 85000.00, 'open'),
(39, 2, 4, '2025-05-26 19:30:00', 90000.00, 'open'),
(40, 3, 1, '2025-05-24 12:00:00', 75000.00, 'open'),
(41, 3, 4, '2025-05-24 17:30:00', 85000.00, 'open'),
(42, 3, 5, '2025-05-24 22:30:00', 135000.00, 'open'),
(43, 3, 2, '2025-05-25 09:30:00', 75000.00, 'open'),
(44, 3, 3, '2025-05-25 14:00:00', 80000.00, 'open'),
(45, 3, 1, '2025-05-25 19:30:00', 75000.00, 'open'),
(46, 3, 4, '2025-05-26 11:00:00', 85000.00, 'open'),
(47, 3, 5, '2025-05-26 16:30:00', 135000.00, 'open'),
(48, 4, 3, '2025-05-24 11:00:00', 80000.00, 'open'),
(49, 4, 1, '2025-05-24 15:30:00', 75000.00, 'open'),
(50, 4, 2, '2025-05-24 20:30:00', 75000.00, 'open'),
(51, 4, 4, '2025-05-25 12:30:00', 85000.00, 'open'),
(52, 4, 5, '2025-05-25 18:00:00', 140000.00, 'open'),
(53, 4, 3, '2025-05-25 23:00:00', 80000.00, 'open'),
(54, 4, 1, '2025-05-26 10:30:00', 75000.00, 'open'),
(55, 4, 2, '2025-05-26 15:00:00', 75000.00, 'open'),
(56, 8, 4, '2025-05-24 13:30:00', 90000.00, 'open'),
(57, 8, 5, '2025-05-24 18:00:00', 160000.00, 'open'),
(58, 8, 2, '2025-05-25 16:30:00', 80000.00, 'open'),
(59, 8, 3, '2025-05-25 21:00:00', 85000.00, 'open'),
(60, 8, 1, '2025-05-26 12:00:00', 75000.00, 'open'),
(61, 8, 4, '2025-05-26 17:00:00', 90000.00, 'open'),
(62, 9, 2, '2025-05-24 11:30:00', 80000.00, 'open'),
(63, 9, 3, '2025-05-24 17:00:00', 85000.00, 'open'),
(64, 9, 1, '2025-05-24 22:00:00', 75000.00, 'open'),
(65, 9, 4, '2025-05-25 10:30:00', 90000.00, 'open'),
(66, 9, 5, '2025-05-25 16:00:00', 145000.00, 'open'),
(67, 9, 2, '2025-05-25 21:30:00', 80000.00, 'open'),
(68, 9, 3, '2025-05-26 09:00:00', 85000.00, 'open'),
(69, 9, 1, '2025-05-26 14:00:00', 75000.00, 'open'),
(70, 10, 1, '2025-05-24 16:30:00', 75000.00, 'open'),
(71, 10, 4, '2025-05-24 19:30:00', 90000.00, 'open'),
(72, 10, 2, '2025-05-25 13:00:00', 80000.00, 'open'),
(73, 10, 3, '2025-05-25 18:30:00', 85000.00, 'open'),
(74, 10, 5, '2025-05-25 23:30:00', 145000.00, 'open'),
(75, 10, 1, '2025-05-26 11:30:00', 75000.00, 'open'),
(76, 10, 4, '2025-05-26 21:00:00', 90000.00, 'open'),
(77, 5, 3, '2025-06-04 09:00:00', 90000.00, 'open'),
(78, 5, 5, '2025-06-04 14:00:00', 160000.00, 'open'),
(79, 5, 1, '2025-06-04 19:00:00', 80000.00, 'open'),
(80, 5, 4, '2025-06-04 22:00:00', 95000.00, 'open'),
(81, 5, 2, '2025-06-05 10:30:00', 85000.00, 'open'),
(82, 5, 3, '2025-06-05 15:30:00', 90000.00, 'open'),
(83, 5, 5, '2025-06-05 20:30:00', 160000.00, 'open'),
(84, 5, 1, '2025-06-06 11:00:00', 80000.00, 'open'),
(85, 5, 4, '2025-06-06 16:00:00', 95000.00, 'open'),
(86, 5, 2, '2025-06-06 21:00:00', 85000.00, 'open'),
(87, 6, 2, '2025-06-04 10:00:00', 85000.00, 'open'),
(88, 6, 4, '2025-06-04 15:00:00', 100000.00, 'open'),
(89, 6, 5, '2025-06-04 20:00:00', 170000.00, 'open'),
(90, 6, 1, '2025-06-05 12:00:00', 80000.00, 'open'),
(91, 6, 3, '2025-06-05 17:00:00', 90000.00, 'open'),
(92, 6, 2, '2025-06-05 22:00:00', 85000.00, 'open'),
(93, 6, 4, '2025-06-06 13:30:00', 100000.00, 'open'),
(94, 6, 5, '2025-06-06 18:30:00', 170000.00, 'open'),
(95, 7, 1, '2025-06-04 11:30:00', 75000.00, 'open'),
(96, 7, 3, '2025-06-04 16:30:00', 85000.00, 'open'),
(97, 7, 4, '2025-06-04 21:30:00', 90000.00, 'open'),
(98, 7, 2, '2025-06-05 09:00:00', 80000.00, 'open'),
(99, 7, 5, '2025-06-05 14:30:00', 145000.00, 'open'),
(100, 7, 1, '2025-06-05 19:30:00', 75000.00, 'open'),
(101, 7, 3, '2025-06-06 10:30:00', 85000.00, 'open'),
(102, 7, 4, '2025-06-06 15:30:00', 90000.00, 'open'),
(103, 7, 2, '2025-06-06 20:30:00', 80000.00, 'open'),
(104, 11, 2, '2025-06-04 12:30:00', 85000.00, 'open'),
(105, 11, 5, '2025-06-04 17:30:00', 155000.00, 'open'),
(106, 11, 3, '2025-06-04 22:30:00', 90000.00, 'open'),
(107, 11, 1, '2025-06-05 10:00:00', 80000.00, 'open'),
(108, 11, 4, '2025-06-05 15:00:00', 95000.00, 'open'),
(109, 11, 2, '2025-06-05 20:00:00', 85000.00, 'open'),
(110, 11, 5, '2025-06-06 12:00:00', 155000.00, 'open'),
(111, 11, 3, '2025-06-06 17:00:00', 90000.00, 'open'),
(112, 11, 1, '2025-06-06 22:00:00', 80000.00, 'open'),
(113, 1, 1, '2025-05-24 09:00:00', 85000.00, 'open'),
(114, 1, 2, '2025-05-24 14:30:00', 85000.00, 'open'),
(115, 1, 3, '2025-05-24 19:00:00', 90000.00, 'open'),
(116, 1, 5, '2025-05-24 21:30:00', 150000.00, 'open'),
(117, 1, 1, '2025-05-25 10:00:00', 85000.00, 'open'),
(118, 1, 4, '2025-05-25 15:00:00', 95000.00, 'open'),
(119, 1, 3, '2025-05-25 20:00:00', 90000.00, 'open'),
(120, 1, 2, '2025-05-26 13:00:00', 85000.00, 'open'),
(121, 1, 5, '2025-05-26 18:30:00', 150000.00, 'open'),
(122, 2, 2, '2025-05-24 10:30:00', 80000.00, 'open'),
(123, 2, 3, '2025-05-24 16:00:00', 85000.00, 'open'),
(124, 2, 4, '2025-05-24 21:00:00', 90000.00, 'open'),
(125, 2, 1, '2025-05-25 11:30:00', 80000.00, 'open'),
(126, 2, 5, '2025-05-25 17:00:00', 140000.00, 'open'),
(127, 2, 2, '2025-05-25 22:00:00', 80000.00, 'open'),
(128, 2, 3, '2025-05-26 14:30:00', 85000.00, 'open'),
(129, 2, 4, '2025-05-26 19:30:00', 90000.00, 'open'),
(130, 3, 1, '2025-05-24 12:00:00', 75000.00, 'open'),
(131, 3, 4, '2025-05-24 17:30:00', 85000.00, 'open'),
(132, 3, 5, '2025-05-24 22:30:00', 135000.00, 'open'),
(133, 3, 2, '2025-05-25 09:30:00', 75000.00, 'open'),
(134, 3, 3, '2025-05-25 14:00:00', 80000.00, 'open'),
(135, 3, 1, '2025-05-25 19:30:00', 75000.00, 'open'),
(136, 3, 4, '2025-05-26 11:00:00', 85000.00, 'open'),
(137, 3, 5, '2025-05-26 16:30:00', 135000.00, 'open'),
(138, 4, 3, '2025-05-24 11:00:00', 80000.00, 'open'),
(139, 4, 1, '2025-05-24 15:30:00', 75000.00, 'open'),
(140, 4, 2, '2025-05-24 20:30:00', 75000.00, 'open'),
(141, 4, 4, '2025-05-25 12:30:00', 85000.00, 'open'),
(142, 4, 5, '2025-05-25 18:00:00', 140000.00, 'open'),
(143, 4, 3, '2025-05-25 23:00:00', 80000.00, 'open'),
(144, 4, 1, '2025-05-26 10:30:00', 75000.00, 'open'),
(145, 4, 2, '2025-05-26 15:00:00', 75000.00, 'open'),
(146, 8, 4, '2025-05-24 13:30:00', 90000.00, 'open'),
(147, 8, 5, '2025-05-24 18:00:00', 160000.00, 'open'),
(148, 8, 2, '2025-05-25 16:30:00', 80000.00, 'open'),
(149, 8, 3, '2025-05-25 21:00:00', 85000.00, 'open'),
(150, 8, 1, '2025-05-26 12:00:00', 75000.00, 'open'),
(151, 8, 4, '2025-05-26 17:00:00', 90000.00, 'open'),
(152, 9, 2, '2025-05-24 11:30:00', 80000.00, 'open'),
(153, 9, 3, '2025-05-24 17:00:00', 85000.00, 'open'),
(154, 9, 1, '2025-05-24 22:00:00', 75000.00, 'open'),
(155, 9, 4, '2025-05-25 10:30:00', 90000.00, 'open'),
(156, 9, 5, '2025-05-25 16:00:00', 145000.00, 'open'),
(157, 9, 2, '2025-05-25 21:30:00', 80000.00, 'open'),
(158, 9, 3, '2025-05-26 09:00:00', 85000.00, 'open'),
(159, 9, 1, '2025-05-26 14:00:00', 75000.00, 'open'),
(160, 10, 1, '2025-05-24 16:30:00', 75000.00, 'open'),
(161, 10, 4, '2025-05-24 19:30:00', 90000.00, 'open'),
(162, 10, 2, '2025-05-25 13:00:00', 80000.00, 'open'),
(163, 10, 3, '2025-05-25 18:30:00', 85000.00, 'open'),
(164, 10, 5, '2025-05-25 23:30:00', 145000.00, 'open'),
(165, 10, 1, '2025-05-26 11:30:00', 75000.00, 'open'),
(166, 10, 4, '2025-05-26 21:00:00', 90000.00, 'open'),
(167, 5, 3, '2025-06-04 09:00:00', 90000.00, 'open'),
(168, 5, 5, '2025-06-04 14:00:00', 160000.00, 'open'),
(169, 5, 1, '2025-06-04 19:00:00', 80000.00, 'open'),
(170, 5, 4, '2025-06-04 22:00:00', 95000.00, 'open'),
(171, 5, 2, '2025-06-05 10:30:00', 85000.00, 'open'),
(172, 5, 3, '2025-06-05 15:30:00', 90000.00, 'open'),
(173, 5, 5, '2025-06-05 20:30:00', 160000.00, 'open'),
(174, 5, 1, '2025-06-06 11:00:00', 80000.00, 'open'),
(175, 5, 4, '2025-06-06 16:00:00', 95000.00, 'open'),
(176, 5, 2, '2025-06-06 21:00:00', 85000.00, 'open'),
(177, 6, 2, '2025-06-04 10:00:00', 85000.00, 'open'),
(178, 6, 4, '2025-06-04 15:00:00', 100000.00, 'open'),
(179, 6, 5, '2025-06-04 20:00:00', 170000.00, 'open'),
(180, 6, 1, '2025-06-05 12:00:00', 80000.00, 'open'),
(181, 6, 3, '2025-06-05 17:00:00', 90000.00, 'open'),
(182, 6, 2, '2025-06-05 22:00:00', 85000.00, 'open'),
(183, 6, 4, '2025-06-06 13:30:00', 100000.00, 'open'),
(184, 6, 5, '2025-06-06 18:30:00', 170000.00, 'open'),
(185, 7, 1, '2025-06-04 11:30:00', 75000.00, 'open'),
(186, 7, 3, '2025-06-04 16:30:00', 85000.00, 'open'),
(187, 7, 4, '2025-06-04 21:30:00', 90000.00, 'open'),
(188, 7, 2, '2025-06-05 09:00:00', 80000.00, 'open'),
(189, 7, 5, '2025-06-05 14:30:00', 145000.00, 'open'),
(190, 7, 1, '2025-06-05 19:30:00', 75000.00, 'open'),
(191, 7, 3, '2025-06-06 10:30:00', 85000.00, 'open'),
(192, 7, 4, '2025-06-06 15:30:00', 90000.00, 'open'),
(193, 7, 2, '2025-06-06 20:30:00', 80000.00, 'open'),
(194, 11, 2, '2025-06-04 12:30:00', 85000.00, 'open'),
(195, 11, 5, '2025-06-04 17:30:00', 155000.00, 'open'),
(196, 11, 3, '2025-06-04 22:30:00', 90000.00, 'open'),
(197, 11, 1, '2025-06-05 10:00:00', 80000.00, 'open'),
(198, 11, 4, '2025-06-05 15:00:00', 95000.00, 'open'),
(199, 11, 2, '2025-06-05 20:00:00', 85000.00, 'open'),
(200, 11, 5, '2025-06-06 12:00:00', 155000.00, 'open'),
(201, 11, 3, '2025-06-06 17:00:00', 90000.00, 'open'),
(202, 11, 1, '2025-06-06 22:00:00', 80000.00, 'open'),
(203, 12, 1, '2025-05-24 10:00:00', 100000.00, ''),
(204, 12, 1, '2025-05-24 14:00:00', 100000.00, ''),
(205, 12, 1, '2025-05-24 19:00:00', 100000.00, ''),
(206, 12, 1, '2025-05-25 10:00:00', 100000.00, ''),
(207, 12, 1, '2025-05-25 14:00:00', 100000.00, ''),
(208, 12, 1, '2025-05-25 19:00:00', 100000.00, ''),
(209, 12, 1, '2025-05-26 10:00:00', 100000.00, ''),
(210, 12, 1, '2025-05-26 14:00:00', 100000.00, ''),
(211, 12, 1, '2025-05-26 19:00:00', 100000.00, ''),
(212, 12, 1, '2025-05-27 10:00:00', 100000.00, ''),
(213, 12, 1, '2025-05-27 14:00:00', 100000.00, ''),
(214, 12, 1, '2025-05-27 19:00:00', 100000.00, ''),
(215, 12, 1, '2025-05-28 10:00:00', 100000.00, ''),
(216, 12, 1, '2025-05-28 14:00:00', 100000.00, ''),
(217, 12, 1, '2025-05-28 19:00:00', 100000.00, ''),
(218, 12, 1, '2025-05-29 10:00:00', 100000.00, ''),
(219, 12, 1, '2025-05-29 14:00:00', 100000.00, ''),
(220, 12, 1, '2025-05-29 19:00:00', 100000.00, ''),
(221, 12, 1, '2025-05-30 10:00:00', 100000.00, ''),
(222, 12, 1, '2025-05-30 14:00:00', 100000.00, ''),
(223, 12, 1, '2025-05-30 19:00:00', 100000.00, ''),
(224, 12, 2, '2025-05-24 10:00:00', 100000.00, ''),
(225, 12, 2, '2025-05-24 14:00:00', 100000.00, ''),
(226, 12, 2, '2025-05-24 19:00:00', 100000.00, ''),
(227, 12, 2, '2025-05-25 10:00:00', 100000.00, ''),
(228, 12, 2, '2025-05-25 14:00:00', 100000.00, ''),
(229, 12, 2, '2025-05-25 19:00:00', 100000.00, ''),
(230, 12, 2, '2025-05-26 10:00:00', 100000.00, ''),
(231, 12, 2, '2025-05-26 14:00:00', 100000.00, ''),
(232, 12, 2, '2025-05-26 19:00:00', 100000.00, ''),
(233, 12, 2, '2025-05-27 10:00:00', 100000.00, ''),
(234, 12, 2, '2025-05-27 14:00:00', 100000.00, ''),
(235, 12, 2, '2025-05-27 19:00:00', 100000.00, ''),
(236, 12, 2, '2025-05-28 10:00:00', 100000.00, ''),
(237, 12, 2, '2025-05-28 14:00:00', 100000.00, ''),
(238, 12, 2, '2025-05-28 19:00:00', 100000.00, ''),
(239, 12, 2, '2025-05-29 10:00:00', 100000.00, ''),
(240, 12, 2, '2025-05-29 14:00:00', 100000.00, ''),
(241, 12, 2, '2025-05-29 19:00:00', 100000.00, ''),
(242, 12, 2, '2025-05-30 10:00:00', 100000.00, ''),
(243, 12, 2, '2025-05-30 14:00:00', 100000.00, ''),
(244, 12, 2, '2025-05-30 19:00:00', 100000.00, ''),
(245, 12, 3, '2025-05-24 10:00:00', 100000.00, ''),
(246, 12, 3, '2025-05-24 14:00:00', 100000.00, ''),
(247, 12, 3, '2025-05-24 19:00:00', 100000.00, ''),
(248, 12, 3, '2025-05-25 10:00:00', 100000.00, ''),
(249, 12, 3, '2025-05-25 14:00:00', 100000.00, ''),
(250, 12, 3, '2025-05-25 19:00:00', 100000.00, ''),
(251, 12, 3, '2025-05-26 10:00:00', 100000.00, ''),
(252, 12, 3, '2025-05-26 14:00:00', 100000.00, ''),
(253, 12, 3, '2025-05-26 19:00:00', 100000.00, ''),
(254, 12, 3, '2025-05-27 10:00:00', 100000.00, ''),
(255, 12, 3, '2025-05-27 14:00:00', 100000.00, ''),
(256, 12, 3, '2025-05-27 19:00:00', 100000.00, ''),
(257, 12, 3, '2025-05-28 10:00:00', 100000.00, ''),
(258, 12, 3, '2025-05-28 14:00:00', 100000.00, ''),
(259, 12, 3, '2025-05-28 19:00:00', 100000.00, ''),
(260, 12, 3, '2025-05-29 10:00:00', 100000.00, ''),
(261, 12, 3, '2025-05-29 14:00:00', 100000.00, ''),
(262, 12, 3, '2025-05-29 19:00:00', 100000.00, ''),
(263, 12, 3, '2025-05-30 10:00:00', 100000.00, ''),
(264, 12, 3, '2025-05-30 14:00:00', 100000.00, ''),
(265, 12, 3, '2025-05-30 19:00:00', 100000.00, ''),
(266, 12, 4, '2025-05-24 10:00:00', 100000.00, ''),
(267, 12, 4, '2025-05-24 14:00:00', 100000.00, ''),
(268, 12, 4, '2025-05-24 19:00:00', 100000.00, ''),
(269, 12, 4, '2025-05-25 10:00:00', 100000.00, ''),
(270, 12, 4, '2025-05-25 14:00:00', 100000.00, ''),
(271, 12, 4, '2025-05-25 19:00:00', 100000.00, ''),
(272, 12, 4, '2025-05-26 10:00:00', 100000.00, ''),
(273, 12, 4, '2025-05-26 14:00:00', 100000.00, ''),
(274, 12, 4, '2025-05-26 19:00:00', 100000.00, ''),
(275, 12, 4, '2025-05-27 10:00:00', 100000.00, ''),
(276, 12, 4, '2025-05-27 14:00:00', 100000.00, ''),
(277, 12, 4, '2025-05-27 19:00:00', 100000.00, ''),
(278, 12, 4, '2025-05-28 10:00:00', 100000.00, ''),
(279, 12, 4, '2025-05-28 14:00:00', 100000.00, ''),
(280, 12, 4, '2025-05-28 19:00:00', 100000.00, ''),
(281, 12, 4, '2025-05-29 10:00:00', 100000.00, ''),
(282, 12, 4, '2025-05-29 14:00:00', 100000.00, ''),
(283, 12, 4, '2025-05-29 19:00:00', 100000.00, ''),
(284, 12, 4, '2025-05-30 10:00:00', 100000.00, ''),
(285, 12, 4, '2025-05-30 14:00:00', 100000.00, ''),
(286, 12, 4, '2025-05-30 19:00:00', 100000.00, ''),
(287, 12, 5, '2025-05-24 10:00:00', 100000.00, ''),
(288, 12, 5, '2025-05-24 14:00:00', 100000.00, ''),
(289, 12, 5, '2025-05-24 19:00:00', 100000.00, ''),
(290, 12, 5, '2025-05-25 10:00:00', 100000.00, ''),
(291, 12, 5, '2025-05-25 14:00:00', 100000.00, ''),
(292, 12, 5, '2025-05-25 19:00:00', 100000.00, ''),
(293, 12, 5, '2025-05-26 10:00:00', 100000.00, ''),
(294, 12, 5, '2025-05-26 14:00:00', 100000.00, ''),
(295, 12, 5, '2025-05-26 19:00:00', 100000.00, ''),
(296, 12, 5, '2025-05-27 10:00:00', 100000.00, ''),
(297, 12, 5, '2025-05-27 14:00:00', 100000.00, ''),
(298, 12, 5, '2025-05-27 19:00:00', 100000.00, ''),
(299, 12, 5, '2025-05-28 10:00:00', 100000.00, ''),
(300, 12, 5, '2025-05-28 14:00:00', 100000.00, ''),
(301, 12, 5, '2025-05-28 19:00:00', 100000.00, ''),
(302, 12, 5, '2025-05-29 10:00:00', 100000.00, ''),
(303, 12, 5, '2025-05-29 14:00:00', 100000.00, ''),
(304, 12, 5, '2025-05-29 19:00:00', 100000.00, ''),
(305, 12, 5, '2025-05-30 10:00:00', 100000.00, ''),
(306, 12, 5, '2025-05-30 14:00:00', 100000.00, ''),
(307, 12, 5, '2025-05-30 19:00:00', 100000.00, '');

-- --------------------------------------------------------

--
-- Cấu trúc bảng cho bảng `showtime_seat`
--

DROP TABLE IF EXISTS `showtime_seat`;
CREATE TABLE IF NOT EXISTS `showtime_seat` (
  `id` int NOT NULL AUTO_INCREMENT,
  `showtime_id` int NOT NULL,
  `seat_id` int NOT NULL,
  `is_available` tinyint(1) DEFAULT '1',
  PRIMARY KEY (`id`),
  UNIQUE KEY `showtime_id` (`showtime_id`,`seat_id`),
  KEY `seat_id` (`seat_id`)
) ENGINE=InnoDB AUTO_INCREMENT=7022 DEFAULT CHARSET=utf8mb4 COLLATE=utf8mb4_0900_ai_ci;

--
-- Đang đổ dữ liệu cho bảng `showtime_seat`
--

INSERT INTO `showtime_seat` (`id`, `showtime_id`, `seat_id`, `is_available`) VALUES
(1, 23, 1, 1),
(2, 23, 2, 1),
(3, 23, 3, 1),
(4, 23, 4, 1),
(5, 23, 5, 1),
(6, 23, 6, 0),
(7, 23, 7, 1),
(8, 23, 8, 1),
(9, 23, 9, 1),
(10, 23, 10, 0),
(11, 23, 11, 1),
(12, 23, 12, 0),
(13, 23, 13, 0),
(14, 23, 14, 1),
(15, 23, 15, 0),
(16, 23, 16, 1),
(17, 23, 17, 1),
(18, 23, 18, 1),
(19, 23, 19, 0),
(20, 23, 20, 1),
(21, 24, 21, 1),
(22, 24, 22, 0),
(23, 24, 23, 1),
(24, 24, 24, 1),
(25, 24, 25, 1),
(26, 24, 26, 1),
(27, 24, 27, 1),
(28, 24, 28, 1),
(29, 24, 29, 1),
(30, 24, 30, 1),
(31, 24, 31, 1),
(32, 24, 32, 0),
(33, 24, 33, 1),
(34, 24, 34, 0),
(35, 24, 35, 1),
(36, 24, 36, 0),
(37, 24, 37, 0),
(38, 24, 38, 0),
(39, 24, 39, 1),
(40, 24, 40, 0),
(41, 25, 41, 1),
(42, 25, 42, 1),
(43, 25, 43, 1),
(44, 25, 44, 1),
(45, 25, 45, 1),
(46, 25, 46, 0),
(47, 25, 47, 1),
(48, 25, 48, 1),
(49, 25, 49, 1),
(50, 25, 50, 1),
(51, 25, 51, 0),
(52, 25, 52, 0),
(53, 25, 53, 1),
(54, 25, 54, 0),
(55, 25, 55, 0),
(56, 25, 56, 1),
(57, 25, 57, 1),
(58, 25, 58, 1),
(59, 25, 59, 1),
(60, 25, 60, 1),
(61, 25, 61, 1),
(62, 25, 62, 1),
(63, 25, 63, 1),
(64, 25, 64, 1),
(65, 25, 65, 1),
(66, 25, 66, 1),
(67, 25, 67, 1),
(68, 25, 68, 1),
(69, 25, 69, 1),
(70, 25, 70, 1),
(71, 26, 95, 1),
(72, 26, 96, 0),
(73, 26, 97, 1),
(74, 26, 98, 1),
(75, 26, 99, 0),
(76, 26, 100, 0),
(77, 26, 101, 1),
(78, 26, 102, 0),
(79, 26, 103, 1),
(80, 26, 104, 0),
(81, 27, 1, 1),
(82, 27, 2, 1),
(83, 27, 3, 0),
(84, 27, 4, 0),
(85, 27, 5, 1),
(86, 27, 6, 0),
(87, 27, 7, 1),
(88, 27, 8, 1),
(89, 27, 9, 1),
(90, 27, 10, 1),
(91, 27, 11, 1),
(92, 27, 12, 1),
(93, 27, 13, 1),
(94, 27, 14, 0),
(95, 27, 15, 0),
(96, 27, 16, 1),
(97, 27, 17, 1),
(98, 27, 18, 0),
(99, 27, 19, 1),
(100, 27, 20, 1),
(101, 28, 71, 1),
(102, 28, 72, 0),
(103, 28, 73, 1),
(104, 28, 74, 1),
(105, 28, 75, 1),
(106, 28, 76, 1),
(107, 28, 77, 0),
(108, 28, 78, 1),
(109, 28, 79, 1),
(110, 28, 80, 0),
(111, 28, 81, 1),
(112, 28, 82, 1),
(113, 28, 83, 1),
(114, 28, 84, 1),
(115, 28, 85, 1),
(116, 28, 86, 1),
(117, 28, 87, 1),
(118, 28, 88, 0),
(119, 28, 89, 0),
(120, 28, 90, 0),
(121, 28, 91, 1),
(122, 28, 92, 0),
(123, 28, 93, 0),
(124, 28, 94, 1),
(125, 29, 41, 1),
(126, 29, 42, 0),
(127, 29, 43, 1),
(128, 29, 44, 1),
(129, 29, 45, 1),
(130, 29, 46, 1),
(131, 29, 47, 0),
(132, 29, 48, 0),
(133, 29, 49, 1),
(134, 29, 50, 1),
(135, 29, 51, 1),
(136, 29, 52, 1),
(137, 29, 53, 1),
(138, 29, 54, 1),
(139, 29, 55, 0),
(140, 29, 56, 1),
(141, 29, 57, 0),
(142, 29, 58, 1),
(143, 29, 59, 1),
(144, 29, 60, 1),
(145, 29, 61, 1),
(146, 29, 62, 0),
(147, 29, 63, 0),
(148, 29, 64, 0),
(149, 29, 65, 1),
(150, 29, 66, 0),
(151, 29, 67, 1),
(152, 29, 68, 1),
(153, 29, 69, 1),
(154, 29, 70, 0),
(155, 30, 21, 1),
(156, 30, 22, 1),
(157, 30, 23, 1),
(158, 30, 24, 0),
(159, 30, 25, 0),
(160, 30, 26, 1),
(161, 30, 27, 1),
(162, 30, 28, 1),
(163, 30, 29, 0),
(164, 30, 30, 1),
(165, 30, 31, 1),
(166, 30, 32, 1),
(167, 30, 33, 1),
(168, 30, 34, 1),
(169, 30, 35, 0),
(170, 30, 36, 1),
(171, 30, 37, 1),
(172, 30, 38, 1),
(173, 30, 39, 1),
(174, 30, 40, 1),
(175, 31, 95, 0),
(176, 31, 96, 1),
(177, 31, 97, 0),
(178, 31, 98, 1),
(179, 31, 99, 1),
(180, 31, 100, 1),
(181, 31, 101, 1),
(182, 31, 102, 1),
(183, 31, 103, 1),
(184, 31, 104, 1),
(185, 32, 21, 1),
(186, 32, 22, 0),
(187, 32, 23, 1),
(188, 32, 24, 1),
(189, 32, 25, 1),
(190, 32, 26, 0),
(191, 32, 27, 1),
(192, 32, 28, 1),
(193, 32, 29, 0),
(194, 32, 30, 1),
(195, 32, 31, 0),
(196, 32, 32, 1),
(197, 32, 33, 1),
(198, 32, 34, 1),
(199, 32, 35, 1),
(200, 32, 36, 0),
(201, 32, 37, 0),
(202, 32, 38, 1),
(203, 32, 39, 1),
(204, 32, 40, 1),
(205, 33, 41, 1),
(206, 33, 42, 1),
(207, 33, 43, 1),
(208, 33, 44, 0),
(209, 33, 45, 1),
(210, 33, 46, 1),
(211, 33, 47, 1),
(212, 33, 48, 1),
(213, 33, 49, 0),
(214, 33, 50, 1),
(215, 33, 51, 1),
(216, 33, 52, 1),
(217, 33, 53, 1),
(218, 33, 54, 1),
(219, 33, 55, 1),
(220, 33, 56, 1),
(221, 33, 57, 1),
(222, 33, 58, 1),
(223, 33, 59, 0),
(224, 33, 60, 1),
(225, 33, 61, 1),
(226, 33, 62, 1),
(227, 33, 63, 1),
(228, 33, 64, 1),
(229, 33, 65, 1),
(230, 33, 66, 1),
(231, 33, 67, 0),
(232, 33, 68, 1),
(233, 33, 69, 1),
(234, 33, 70, 1),
(235, 34, 71, 1),
(236, 34, 72, 0),
(237, 34, 73, 0),
(238, 34, 74, 1),
(239, 34, 75, 1),
(240, 34, 76, 0),
(241, 34, 77, 1),
(242, 34, 78, 1),
(243, 34, 79, 1),
(244, 34, 80, 1),
(245, 34, 81, 1),
(246, 34, 82, 1),
(247, 34, 83, 1),
(248, 34, 84, 0),
(249, 34, 85, 1),
(250, 34, 86, 1),
(251, 34, 87, 1),
(252, 34, 88, 1),
(253, 34, 89, 1),
(254, 34, 90, 0),
(255, 34, 91, 0),
(256, 34, 92, 1),
(257, 34, 93, 0),
(258, 34, 94, 0),
(259, 35, 1, 1),
(260, 35, 2, 0),
(261, 35, 3, 1),
(262, 35, 4, 1),
(263, 35, 5, 1),
(264, 35, 6, 0),
(265, 35, 7, 0),
(266, 35, 8, 0),
(267, 35, 9, 1),
(268, 35, 10, 1),
(269, 35, 11, 1),
(270, 35, 12, 0),
(271, 35, 13, 1),
(272, 35, 14, 1),
(273, 35, 15, 1),
(274, 35, 16, 1),
(275, 35, 17, 0),
(276, 35, 18, 0),
(277, 35, 19, 0),
(278, 35, 20, 1),
(279, 36, 95, 0),
(280, 36, 96, 1),
(281, 36, 97, 0),
(282, 36, 98, 0),
(283, 36, 99, 0),
(284, 36, 100, 0),
(285, 36, 101, 0),
(286, 36, 102, 1),
(287, 36, 103, 0),
(288, 36, 104, 1),
(289, 37, 21, 1),
(290, 37, 22, 1),
(291, 37, 23, 1),
(292, 37, 24, 1),
(293, 37, 25, 1),
(294, 37, 26, 1),
(295, 37, 27, 1),
(296, 37, 28, 1),
(297, 37, 29, 0),
(298, 37, 30, 1),
(299, 37, 31, 1),
(300, 37, 32, 1),
(301, 37, 33, 0),
(302, 37, 34, 1),
(303, 37, 35, 1),
(304, 37, 36, 0),
(305, 37, 37, 1),
(306, 37, 38, 1),
(307, 37, 39, 1),
(308, 37, 40, 1),
(309, 38, 41, 1),
(310, 38, 42, 1),
(311, 38, 43, 0),
(312, 38, 44, 1),
(313, 38, 45, 0),
(314, 38, 46, 1),
(315, 38, 47, 1),
(316, 38, 48, 1),
(317, 38, 49, 1),
(318, 38, 50, 1),
(319, 38, 51, 0),
(320, 38, 52, 1),
(321, 38, 53, 0),
(322, 38, 54, 1),
(323, 38, 55, 0),
(324, 38, 56, 1),
(325, 38, 57, 1),
(326, 38, 58, 1),
(327, 38, 59, 1),
(328, 38, 60, 0),
(329, 38, 61, 0),
(330, 38, 62, 0),
(331, 38, 63, 1),
(332, 38, 64, 1),
(333, 38, 65, 1),
(334, 38, 66, 1),
(335, 38, 67, 1),
(336, 38, 68, 1),
(337, 38, 69, 1),
(338, 38, 70, 0),
(339, 39, 71, 1),
(340, 39, 72, 1),
(341, 39, 73, 0),
(342, 39, 74, 0),
(343, 39, 75, 1),
(344, 39, 76, 0),
(345, 39, 77, 1),
(346, 39, 78, 1),
(347, 39, 79, 0),
(348, 39, 80, 1),
(349, 39, 81, 1),
(350, 39, 82, 0),
(351, 39, 83, 0),
(352, 39, 84, 0),
(353, 39, 85, 0),
(354, 39, 86, 0),
(355, 39, 87, 1),
(356, 39, 88, 1),
(357, 39, 89, 1),
(358, 39, 90, 1),
(359, 39, 91, 0),
(360, 39, 92, 0),
(361, 39, 93, 0),
(362, 39, 94, 1),
(363, 40, 1, 1),
(364, 40, 2, 1),
(365, 40, 3, 1),
(366, 40, 4, 1),
(367, 40, 5, 1),
(368, 40, 6, 1),
(369, 40, 7, 0),
(370, 40, 8, 1),
(371, 40, 9, 1),
(372, 40, 10, 0),
(373, 40, 11, 0),
(374, 40, 12, 0),
(375, 40, 13, 1),
(376, 40, 14, 1),
(377, 40, 15, 1),
(378, 40, 16, 1),
(379, 40, 17, 0),
(380, 40, 18, 1),
(381, 40, 19, 0),
(382, 40, 20, 1),
(383, 41, 71, 1),
(384, 41, 72, 1),
(385, 41, 73, 0),
(386, 41, 74, 1),
(387, 41, 75, 1),
(388, 41, 76, 1),
(389, 41, 77, 1),
(390, 41, 78, 1),
(391, 41, 79, 0),
(392, 41, 80, 1),
(393, 41, 81, 1),
(394, 41, 82, 0),
(395, 41, 83, 0),
(396, 41, 84, 1),
(397, 41, 85, 0),
(398, 41, 86, 0),
(399, 41, 87, 1),
(400, 41, 88, 1),
(401, 41, 89, 1),
(402, 41, 90, 1),
(403, 41, 91, 0),
(404, 41, 92, 0),
(405, 41, 93, 0),
(406, 41, 94, 1),
(407, 42, 95, 1),
(408, 42, 96, 1),
(409, 42, 97, 0),
(410, 42, 98, 0),
(411, 42, 99, 0),
(412, 42, 100, 0),
(413, 42, 101, 0),
(414, 42, 102, 0),
(415, 42, 103, 0),
(416, 42, 104, 0),
(417, 43, 21, 0),
(418, 43, 22, 0),
(419, 43, 23, 1),
(420, 43, 24, 1),
(421, 43, 25, 0),
(422, 43, 26, 1),
(423, 43, 27, 1),
(424, 43, 28, 1),
(425, 43, 29, 1),
(426, 43, 30, 1),
(427, 43, 31, 1),
(428, 43, 32, 0),
(429, 43, 33, 1),
(430, 43, 34, 0),
(431, 43, 35, 0),
(432, 43, 36, 1),
(433, 43, 37, 1),
(434, 43, 38, 0),
(435, 43, 39, 1),
(436, 43, 40, 0),
(437, 44, 41, 1),
(438, 44, 42, 0),
(439, 44, 43, 1),
(440, 44, 44, 1),
(441, 44, 45, 1),
(442, 44, 46, 1),
(443, 44, 47, 1),
(444, 44, 48, 0),
(445, 44, 49, 0),
(446, 44, 50, 1),
(447, 44, 51, 1),
(448, 44, 52, 1),
(449, 44, 53, 1),
(450, 44, 54, 0),
(451, 44, 55, 0),
(452, 44, 56, 1),
(453, 44, 57, 1),
(454, 44, 58, 1),
(455, 44, 59, 1),
(456, 44, 60, 1),
(457, 44, 61, 1),
(458, 44, 62, 1),
(459, 44, 63, 1),
(460, 44, 64, 0),
(461, 44, 65, 1),
(462, 44, 66, 1),
(463, 44, 67, 0),
(464, 44, 68, 1),
(465, 44, 69, 1),
(466, 44, 70, 1),
(467, 45, 1, 1),
(468, 45, 2, 1),
(469, 45, 3, 1),
(470, 45, 4, 1),
(471, 45, 5, 0),
(472, 45, 6, 0),
(473, 45, 7, 1),
(474, 45, 8, 1),
(475, 45, 9, 1),
(476, 45, 10, 1),
(477, 45, 11, 1),
(478, 45, 12, 1),
(479, 45, 13, 1),
(480, 45, 14, 0),
(481, 45, 15, 1),
(482, 45, 16, 1),
(483, 45, 17, 0),
(484, 45, 18, 0),
(485, 45, 19, 0),
(486, 45, 20, 1),
(487, 46, 71, 1),
(488, 46, 72, 1),
(489, 46, 73, 1),
(490, 46, 74, 1),
(491, 46, 75, 1),
(492, 46, 76, 1),
(493, 46, 77, 1),
(494, 46, 78, 0),
(495, 46, 79, 1),
(496, 46, 80, 0),
(497, 46, 81, 1),
(498, 46, 82, 0),
(499, 46, 83, 1),
(500, 46, 84, 0),
(501, 46, 85, 1),
(502, 46, 86, 0),
(503, 46, 87, 1),
(504, 46, 88, 1),
(505, 46, 89, 1),
(506, 46, 90, 1),
(507, 46, 91, 0),
(508, 46, 92, 0),
(509, 46, 93, 0),
(510, 46, 94, 1),
(511, 47, 95, 0),
(512, 47, 96, 1),
(513, 47, 97, 0),
(514, 47, 98, 1),
(515, 47, 99, 0),
(516, 47, 100, 0),
(517, 47, 101, 0),
(518, 47, 102, 1),
(519, 47, 103, 1),
(520, 47, 104, 0),
(521, 48, 41, 0),
(522, 48, 42, 1),
(523, 48, 43, 1),
(524, 48, 44, 1),
(525, 48, 45, 0),
(526, 48, 46, 1),
(527, 48, 47, 1),
(528, 48, 48, 1),
(529, 48, 49, 1),
(530, 48, 50, 1),
(531, 48, 51, 1),
(532, 48, 52, 1),
(533, 48, 53, 1),
(534, 48, 54, 1),
(535, 48, 55, 1),
(536, 48, 56, 1),
(537, 48, 57, 1),
(538, 48, 58, 0),
(539, 48, 59, 1),
(540, 48, 60, 0),
(541, 48, 61, 1),
(542, 48, 62, 1),
(543, 48, 63, 1),
(544, 48, 64, 1),
(545, 48, 65, 1),
(546, 48, 66, 1),
(547, 48, 67, 1),
(548, 48, 68, 1),
(549, 48, 69, 1),
(550, 48, 70, 0),
(551, 49, 1, 0),
(552, 49, 2, 0),
(553, 49, 3, 0),
(554, 49, 4, 1),
(555, 49, 5, 0),
(556, 49, 6, 1),
(557, 49, 7, 1),
(558, 49, 8, 1),
(559, 49, 9, 1),
(560, 49, 10, 1),
(561, 49, 11, 0),
(562, 49, 12, 1),
(563, 49, 13, 1),
(564, 49, 14, 0),
(565, 49, 15, 1),
(566, 49, 16, 1),
(567, 49, 17, 0),
(568, 49, 18, 1),
(569, 49, 19, 1),
(570, 49, 20, 1),
(571, 50, 21, 1),
(572, 50, 22, 1),
(573, 50, 23, 0),
(574, 50, 24, 1),
(575, 50, 25, 1),
(576, 50, 26, 1),
(577, 50, 27, 1),
(578, 50, 28, 1),
(579, 50, 29, 1),
(580, 50, 30, 1),
(581, 50, 31, 0),
(582, 50, 32, 1),
(583, 50, 33, 0),
(584, 50, 34, 1),
(585, 50, 35, 1),
(586, 50, 36, 0),
(587, 50, 37, 0),
(588, 50, 38, 0),
(589, 50, 39, 1),
(590, 50, 40, 1),
(591, 51, 71, 0),
(592, 51, 72, 1),
(593, 51, 73, 0),
(594, 51, 74, 1),
(595, 51, 75, 1),
(596, 51, 76, 1),
(597, 51, 77, 1),
(598, 51, 78, 1),
(599, 51, 79, 1),
(600, 51, 80, 1),
(601, 51, 81, 1),
(602, 51, 82, 0),
(603, 51, 83, 1),
(604, 51, 84, 0),
(605, 51, 85, 1),
(606, 51, 86, 1),
(607, 51, 87, 0),
(608, 51, 88, 0),
(609, 51, 89, 1),
(610, 51, 90, 1),
(611, 51, 91, 1),
(612, 51, 92, 1),
(613, 51, 93, 1),
(614, 51, 94, 1),
(615, 52, 95, 1),
(616, 52, 96, 1),
(617, 52, 97, 1),
(618, 52, 98, 0),
(619, 52, 99, 0),
(620, 52, 100, 0),
(621, 52, 101, 1),
(622, 52, 102, 1),
(623, 52, 103, 1),
(624, 52, 104, 1),
(625, 53, 41, 1),
(626, 53, 42, 1),
(627, 53, 43, 0),
(628, 53, 44, 1),
(629, 53, 45, 0),
(630, 53, 46, 0),
(631, 53, 47, 1),
(632, 53, 48, 1),
(633, 53, 49, 1),
(634, 53, 50, 0),
(635, 53, 51, 1),
(636, 53, 52, 1),
(637, 53, 53, 1),
(638, 53, 54, 0),
(639, 53, 55, 1),
(640, 53, 56, 1),
(641, 53, 57, 1),
(642, 53, 58, 1),
(643, 53, 59, 1),
(644, 53, 60, 1),
(645, 53, 61, 1),
(646, 53, 62, 1),
(647, 53, 63, 1),
(648, 53, 64, 0),
(649, 53, 65, 1),
(650, 53, 66, 0),
(651, 53, 67, 1),
(652, 53, 68, 1),
(653, 53, 69, 0),
(654, 53, 70, 1),
(655, 54, 1, 1),
(656, 54, 2, 1),
(657, 54, 3, 0),
(658, 54, 4, 0),
(659, 54, 5, 1),
(660, 54, 6, 1),
(661, 54, 7, 1),
(662, 54, 8, 1),
(663, 54, 9, 1),
(664, 54, 10, 1),
(665, 54, 11, 1),
(666, 54, 12, 1),
(667, 54, 13, 1),
(668, 54, 14, 1),
(669, 54, 15, 1),
(670, 54, 16, 1),
(671, 54, 17, 0),
(672, 54, 18, 0),
(673, 54, 19, 1),
(674, 54, 20, 1),
(675, 55, 21, 1),
(676, 55, 22, 1),
(677, 55, 23, 0),
(678, 55, 24, 0),
(679, 55, 25, 1),
(680, 55, 26, 0),
(681, 55, 27, 0),
(682, 55, 28, 1),
(683, 55, 29, 0),
(684, 55, 30, 1),
(685, 55, 31, 1),
(686, 55, 32, 1),
(687, 55, 33, 1),
(688, 55, 34, 0),
(689, 55, 35, 0),
(690, 55, 36, 1),
(691, 55, 37, 1),
(692, 55, 38, 1),
(693, 55, 39, 1),
(694, 55, 40, 1),
(695, 56, 71, 1),
(696, 56, 72, 0),
(697, 56, 73, 1),
(698, 56, 74, 1),
(699, 56, 75, 1),
(700, 56, 76, 1),
(701, 56, 77, 0),
(702, 56, 78, 0),
(703, 56, 79, 1),
(704, 56, 80, 1),
(705, 56, 81, 1),
(706, 56, 82, 1),
(707, 56, 83, 0),
(708, 56, 84, 1),
(709, 56, 85, 1),
(710, 56, 86, 1),
(711, 56, 87, 1),
(712, 56, 88, 1),
(713, 56, 89, 1),
(714, 56, 90, 1),
(715, 56, 91, 0),
(716, 56, 92, 0),
(717, 56, 93, 1),
(718, 56, 94, 1),
(719, 57, 95, 1),
(720, 57, 96, 1),
(721, 57, 97, 0),
(722, 57, 98, 1),
(723, 57, 99, 1),
(724, 57, 100, 0),
(725, 57, 101, 1),
(726, 57, 102, 0),
(727, 57, 103, 1),
(728, 57, 104, 0),
(729, 58, 21, 1),
(730, 58, 22, 0),
(731, 58, 23, 1),
(732, 58, 24, 0),
(733, 58, 25, 0),
(734, 58, 26, 1),
(735, 58, 27, 1),
(736, 58, 28, 0),
(737, 58, 29, 1),
(738, 58, 30, 1),
(739, 58, 31, 1),
(740, 58, 32, 0),
(741, 58, 33, 0),
(742, 58, 34, 1),
(743, 58, 35, 0),
(744, 58, 36, 1),
(745, 58, 37, 1),
(746, 58, 38, 1),
(747, 58, 39, 1),
(748, 58, 40, 1),
(749, 59, 41, 1),
(750, 59, 42, 0),
(751, 59, 43, 1),
(752, 59, 44, 1),
(753, 59, 45, 1),
(754, 59, 46, 1),
(755, 59, 47, 0),
(756, 59, 48, 1),
(757, 59, 49, 0),
(758, 59, 50, 1),
(759, 59, 51, 1),
(760, 59, 52, 1),
(761, 59, 53, 1),
(762, 59, 54, 1),
(763, 59, 55, 1),
(764, 59, 56, 1),
(765, 59, 57, 1),
(766, 59, 58, 0),
(767, 59, 59, 0),
(768, 59, 60, 1),
(769, 59, 61, 0),
(770, 59, 62, 1),
(771, 59, 63, 1),
(772, 59, 64, 1),
(773, 59, 65, 1),
(774, 59, 66, 0),
(775, 59, 67, 1),
(776, 59, 68, 0),
(777, 59, 69, 1),
(778, 59, 70, 1),
(779, 60, 1, 0),
(780, 60, 2, 1),
(781, 60, 3, 0),
(782, 60, 4, 1),
(783, 60, 5, 1),
(784, 60, 6, 1),
(785, 60, 7, 1),
(786, 60, 8, 1),
(787, 60, 9, 1),
(788, 60, 10, 1),
(789, 60, 11, 1),
(790, 60, 12, 1),
(791, 60, 13, 1),
(792, 60, 14, 1),
(793, 60, 15, 0),
(794, 60, 16, 1),
(795, 60, 17, 1),
(796, 60, 18, 1),
(797, 60, 19, 0),
(798, 60, 20, 1),
(799, 61, 71, 1),
(800, 61, 72, 1),
(801, 61, 73, 0),
(802, 61, 74, 1),
(803, 61, 75, 1),
(804, 61, 76, 1),
(805, 61, 77, 1),
(806, 61, 78, 0),
(807, 61, 79, 1),
(808, 61, 80, 1),
(809, 61, 81, 0),
(810, 61, 82, 1),
(811, 61, 83, 0),
(812, 61, 84, 0),
(813, 61, 85, 1),
(814, 61, 86, 0),
(815, 61, 87, 1),
(816, 61, 88, 1),
(817, 61, 89, 1),
(818, 61, 90, 1),
(819, 61, 91, 1),
(820, 61, 92, 0),
(821, 61, 93, 0),
(822, 61, 94, 1),
(823, 62, 21, 1),
(824, 62, 22, 1),
(825, 62, 23, 1),
(826, 62, 24, 1),
(827, 62, 25, 1),
(828, 62, 26, 1),
(829, 62, 27, 1),
(830, 62, 28, 1),
(831, 62, 29, 0),
(832, 62, 30, 1),
(833, 62, 31, 1),
(834, 62, 32, 0),
(835, 62, 33, 0),
(836, 62, 34, 0),
(837, 62, 35, 1),
(838, 62, 36, 1),
(839, 62, 37, 1),
(840, 62, 38, 1),
(841, 62, 39, 1),
(842, 62, 40, 0),
(843, 63, 41, 1),
(844, 63, 42, 0),
(845, 63, 43, 0),
(846, 63, 44, 0),
(847, 63, 45, 0),
(848, 63, 46, 1),
(849, 63, 47, 1),
(850, 63, 48, 1),
(851, 63, 49, 1),
(852, 63, 50, 1),
(853, 63, 51, 0),
(854, 63, 52, 1),
(855, 63, 53, 0),
(856, 63, 54, 1),
(857, 63, 55, 1),
(858, 63, 56, 0),
(859, 63, 57, 1),
(860, 63, 58, 1),
(861, 63, 59, 0),
(862, 63, 60, 1),
(863, 63, 61, 1),
(864, 63, 62, 1),
(865, 63, 63, 1),
(866, 63, 64, 1),
(867, 63, 65, 1),
(868, 63, 66, 1),
(869, 63, 67, 1),
(870, 63, 68, 1),
(871, 63, 69, 1),
(872, 63, 70, 1),
(873, 64, 1, 1),
(874, 64, 2, 1),
(875, 64, 3, 1),
(876, 64, 4, 1),
(877, 64, 5, 1),
(878, 64, 6, 1),
(879, 64, 7, 0),
(880, 64, 8, 0),
(881, 64, 9, 1),
(882, 64, 10, 1),
(883, 64, 11, 1),
(884, 64, 12, 1),
(885, 64, 13, 1),
(886, 64, 14, 1),
(887, 64, 15, 0),
(888, 64, 16, 1),
(889, 64, 17, 1),
(890, 64, 18, 0),
(891, 64, 19, 1),
(892, 64, 20, 0),
(893, 65, 71, 1),
(894, 65, 72, 0),
(895, 65, 73, 1),
(896, 65, 74, 1),
(897, 65, 75, 1),
(898, 65, 76, 1),
(899, 65, 77, 1),
(900, 65, 78, 0),
(901, 65, 79, 0),
(902, 65, 80, 0),
(903, 65, 81, 1),
(904, 65, 82, 1),
(905, 65, 83, 1),
(906, 65, 84, 1),
(907, 65, 85, 1),
(908, 65, 86, 1),
(909, 65, 87, 1),
(910, 65, 88, 1),
(911, 65, 89, 1),
(912, 65, 90, 1),
(913, 65, 91, 0),
(914, 65, 92, 1),
(915, 65, 93, 1),
(916, 65, 94, 1),
(917, 66, 95, 1),
(918, 66, 96, 1),
(919, 66, 97, 1),
(920, 66, 98, 1),
(921, 66, 99, 1),
(922, 66, 100, 0),
(923, 66, 101, 0),
(924, 66, 102, 1),
(925, 66, 103, 1),
(926, 66, 104, 0),
(927, 67, 21, 1),
(928, 67, 22, 1),
(929, 67, 23, 1),
(930, 67, 24, 1),
(931, 67, 25, 1),
(932, 67, 26, 1),
(933, 67, 27, 1),
(934, 67, 28, 1),
(935, 67, 29, 1),
(936, 67, 30, 1),
(937, 67, 31, 1),
(938, 67, 32, 1),
(939, 67, 33, 0),
(940, 67, 34, 1),
(941, 67, 35, 0),
(942, 67, 36, 1),
(943, 67, 37, 1),
(944, 67, 38, 1),
(945, 67, 39, 1),
(946, 67, 40, 1),
(947, 68, 41, 1),
(948, 68, 42, 1),
(949, 68, 43, 1),
(950, 68, 44, 0),
(951, 68, 45, 0),
(952, 68, 46, 1),
(953, 68, 47, 1),
(954, 68, 48, 1),
(955, 68, 49, 1),
(956, 68, 50, 1),
(957, 68, 51, 0),
(958, 68, 52, 0),
(959, 68, 53, 0),
(960, 68, 54, 0),
(961, 68, 55, 0),
(962, 68, 56, 1),
(963, 68, 57, 1),
(964, 68, 58, 1),
(965, 68, 59, 1),
(966, 68, 60, 1),
(967, 68, 61, 1),
(968, 68, 62, 1),
(969, 68, 63, 1),
(970, 68, 64, 1),
(971, 68, 65, 1),
(972, 68, 66, 0),
(973, 68, 67, 1),
(974, 68, 68, 1),
(975, 68, 69, 1),
(976, 68, 70, 0),
(977, 69, 1, 1),
(978, 69, 2, 1),
(979, 69, 3, 1),
(980, 69, 4, 1),
(981, 69, 5, 0),
(982, 69, 6, 1),
(983, 69, 7, 0),
(984, 69, 8, 1),
(985, 69, 9, 0),
(986, 69, 10, 0),
(987, 69, 11, 1),
(988, 69, 12, 0),
(989, 69, 13, 1),
(990, 69, 14, 0),
(991, 69, 15, 1),
(992, 69, 16, 1),
(993, 69, 17, 1),
(994, 69, 18, 1),
(995, 69, 19, 1),
(996, 69, 20, 1),
(997, 70, 1, 1),
(998, 70, 2, 1),
(999, 70, 3, 1),
(1000, 70, 4, 1),
(1001, 70, 5, 1),
(1002, 70, 6, 0),
(1003, 70, 7, 1),
(1004, 70, 8, 0),
(1005, 70, 9, 0),
(1006, 70, 10, 0),
(1007, 70, 11, 1),
(1008, 70, 12, 0),
(1009, 70, 13, 1),
(1010, 70, 14, 1),
(1011, 70, 15, 1),
(1012, 70, 16, 1),
(1013, 70, 17, 0),
(1014, 70, 18, 1),
(1015, 70, 19, 1),
(1016, 70, 20, 1),
(1017, 71, 71, 1),
(1018, 71, 72, 1),
(1019, 71, 73, 1),
(1020, 71, 74, 1),
(1021, 71, 75, 1),
(1022, 71, 76, 1),
(1023, 71, 77, 1),
(1024, 71, 78, 1),
(1025, 71, 79, 1),
(1026, 71, 80, 1),
(1027, 71, 81, 0),
(1028, 71, 82, 0),
(1029, 71, 83, 0),
(1030, 71, 84, 1),
(1031, 71, 85, 0),
(1032, 71, 86, 1),
(1033, 71, 87, 0),
(1034, 71, 88, 0),
(1035, 71, 89, 1),
(1036, 71, 90, 1),
(1037, 71, 91, 1),
(1038, 71, 92, 0),
(1039, 71, 93, 0),
(1040, 71, 94, 1),
(1041, 72, 21, 1),
(1042, 72, 22, 0),
(1043, 72, 23, 1),
(1044, 72, 24, 1),
(1045, 72, 25, 0),
(1046, 72, 26, 1),
(1047, 72, 27, 1),
(1048, 72, 28, 0),
(1049, 72, 29, 1),
(1050, 72, 30, 0),
(1051, 72, 31, 1),
(1052, 72, 32, 1),
(1053, 72, 33, 1),
(1054, 72, 34, 1),
(1055, 72, 35, 0),
(1056, 72, 36, 0),
(1057, 72, 37, 1),
(1058, 72, 38, 0),
(1059, 72, 39, 1),
(1060, 72, 40, 1),
(1061, 73, 41, 0),
(1062, 73, 42, 1),
(1063, 73, 43, 1),
(1064, 73, 44, 0),
(1065, 73, 45, 1),
(1066, 73, 46, 1),
(1067, 73, 47, 1),
(1068, 73, 48, 0),
(1069, 73, 49, 1),
(1070, 73, 50, 0),
(1071, 73, 51, 1),
(1072, 73, 52, 1),
(1073, 73, 53, 1),
(1074, 73, 54, 1),
(1075, 73, 55, 1),
(1076, 73, 56, 1),
(1077, 73, 57, 1),
(1078, 73, 58, 1),
(1079, 73, 59, 0),
(1080, 73, 60, 1),
(1081, 73, 61, 1),
(1082, 73, 62, 1),
(1083, 73, 63, 0),
(1084, 73, 64, 0),
(1085, 73, 65, 1),
(1086, 73, 66, 1),
(1087, 73, 67, 1),
(1088, 73, 68, 1),
(1089, 73, 69, 1),
(1090, 73, 70, 1),
(1091, 74, 95, 0),
(1092, 74, 96, 1),
(1093, 74, 97, 1),
(1094, 74, 98, 1),
(1095, 74, 99, 0),
(1096, 74, 100, 0),
(1097, 74, 101, 0),
(1098, 74, 102, 1),
(1099, 74, 103, 0),
(1100, 74, 104, 0),
(1101, 75, 1, 1),
(1102, 75, 2, 1),
(1103, 75, 3, 1),
(1104, 75, 4, 1),
(1105, 75, 5, 1),
(1106, 75, 6, 1),
(1107, 75, 7, 0),
(1108, 75, 8, 1),
(1109, 75, 9, 1),
(1110, 75, 10, 1),
(1111, 75, 11, 1),
(1112, 75, 12, 1),
(1113, 75, 13, 1),
(1114, 75, 14, 1),
(1115, 75, 15, 1),
(1116, 75, 16, 1),
(1117, 75, 17, 0),
(1118, 75, 18, 0),
(1119, 75, 19, 1),
(1120, 75, 20, 0),
(1121, 76, 71, 1),
(1122, 76, 72, 1),
(1123, 76, 73, 1),
(1124, 76, 74, 1),
(1125, 76, 75, 1),
(1126, 76, 76, 1),
(1127, 76, 77, 1),
(1128, 76, 78, 1),
(1129, 76, 79, 1),
(1130, 76, 80, 1),
(1131, 76, 81, 1),
(1132, 76, 82, 1),
(1133, 76, 83, 1),
(1134, 76, 84, 0),
(1135, 76, 85, 1),
(1136, 76, 86, 1),
(1137, 76, 87, 1),
(1138, 76, 88, 0),
(1139, 76, 89, 1),
(1140, 76, 90, 1),
(1141, 76, 91, 1),
(1142, 76, 92, 0),
(1143, 76, 93, 1),
(1144, 76, 94, 1),
(1145, 77, 41, 1),
(1146, 77, 42, 0),
(1147, 77, 43, 1),
(1148, 77, 44, 1),
(1149, 77, 45, 1),
(1150, 77, 46, 1),
(1151, 77, 47, 1),
(1152, 77, 48, 0),
(1153, 77, 49, 1),
(1154, 77, 50, 1),
(1155, 77, 51, 1),
(1156, 77, 52, 1),
(1157, 77, 53, 1),
(1158, 77, 54, 1),
(1159, 77, 55, 1),
(1160, 77, 56, 1),
(1161, 77, 57, 1),
(1162, 77, 58, 1),
(1163, 77, 59, 1),
(1164, 77, 60, 1),
(1165, 77, 61, 1),
(1166, 77, 62, 1),
(1167, 77, 63, 1),
(1168, 77, 64, 0),
(1169, 77, 65, 1),
(1170, 77, 66, 0),
(1171, 77, 67, 1),
(1172, 77, 68, 0),
(1173, 77, 69, 1),
(1174, 77, 70, 1),
(1175, 78, 95, 1),
(1176, 78, 96, 1),
(1177, 78, 97, 0),
(1178, 78, 98, 0),
(1179, 78, 99, 1),
(1180, 78, 100, 0),
(1181, 78, 101, 0),
(1182, 78, 102, 0),
(1183, 78, 103, 1),
(1184, 78, 104, 1),
(1185, 79, 1, 0),
(1186, 79, 2, 1),
(1187, 79, 3, 0),
(1188, 79, 4, 1),
(1189, 79, 5, 1),
(1190, 79, 6, 1),
(1191, 79, 7, 0),
(1192, 79, 8, 1),
(1193, 79, 9, 1),
(1194, 79, 10, 0),
(1195, 79, 11, 1),
(1196, 79, 12, 1),
(1197, 79, 13, 0),
(1198, 79, 14, 0),
(1199, 79, 15, 1),
(1200, 79, 16, 1),
(1201, 79, 17, 1),
(1202, 79, 18, 1),
(1203, 79, 19, 1),
(1204, 79, 20, 0),
(1205, 80, 71, 1),
(1206, 80, 72, 1),
(1207, 80, 73, 1),
(1208, 80, 74, 1),
(1209, 80, 75, 1),
(1210, 80, 76, 0),
(1211, 80, 77, 1),
(1212, 80, 78, 1),
(1213, 80, 79, 1),
(1214, 80, 80, 0),
(1215, 80, 81, 1),
(1216, 80, 82, 1),
(1217, 80, 83, 1),
(1218, 80, 84, 1),
(1219, 80, 85, 1),
(1220, 80, 86, 1),
(1221, 80, 87, 1),
(1222, 80, 88, 1),
(1223, 80, 89, 0),
(1224, 80, 90, 0),
(1225, 80, 91, 0),
(1226, 80, 92, 0),
(1227, 80, 93, 0),
(1228, 80, 94, 1),
(1229, 81, 21, 1),
(1230, 81, 22, 1),
(1231, 81, 23, 1),
(1232, 81, 24, 1),
(1233, 81, 25, 0),
(1234, 81, 26, 1),
(1235, 81, 27, 0),
(1236, 81, 28, 1),
(1237, 81, 29, 1),
(1238, 81, 30, 0),
(1239, 81, 31, 1),
(1240, 81, 32, 1),
(1241, 81, 33, 1),
(1242, 81, 34, 0),
(1243, 81, 35, 1),
(1244, 81, 36, 0),
(1245, 81, 37, 1),
(1246, 81, 38, 0),
(1247, 81, 39, 0),
(1248, 81, 40, 1),
(1249, 82, 41, 1),
(1250, 82, 42, 1),
(1251, 82, 43, 1),
(1252, 82, 44, 1),
(1253, 82, 45, 1),
(1254, 82, 46, 0),
(1255, 82, 47, 0),
(1256, 82, 48, 1),
(1257, 82, 49, 1),
(1258, 82, 50, 1),
(1259, 82, 51, 1),
(1260, 82, 52, 0),
(1261, 82, 53, 0),
(1262, 82, 54, 1),
(1263, 82, 55, 1),
(1264, 82, 56, 1),
(1265, 82, 57, 0),
(1266, 82, 58, 0),
(1267, 82, 59, 1),
(1268, 82, 60, 1),
(1269, 82, 61, 0),
(1270, 82, 62, 0),
(1271, 82, 63, 1),
(1272, 82, 64, 1),
(1273, 82, 65, 0),
(1274, 82, 66, 1),
(1275, 82, 67, 0),
(1276, 82, 68, 0),
(1277, 82, 69, 1),
(1278, 82, 70, 1),
(1279, 83, 95, 1),
(1280, 83, 96, 0),
(1281, 83, 97, 0),
(1282, 83, 98, 0),
(1283, 83, 99, 1),
(1284, 83, 100, 0),
(1285, 83, 101, 0),
(1286, 83, 102, 0),
(1287, 83, 103, 1),
(1288, 83, 104, 0),
(1289, 84, 1, 1),
(1290, 84, 2, 1),
(1291, 84, 3, 1),
(1292, 84, 4, 1),
(1293, 84, 5, 1),
(1294, 84, 6, 1),
(1295, 84, 7, 1),
(1296, 84, 8, 1),
(1297, 84, 9, 1),
(1298, 84, 10, 1),
(1299, 84, 11, 1),
(1300, 84, 12, 1),
(1301, 84, 13, 1),
(1302, 84, 14, 1),
(1303, 84, 15, 1),
(1304, 84, 16, 0),
(1305, 84, 17, 1),
(1306, 84, 18, 0),
(1307, 84, 19, 1),
(1308, 84, 20, 1),
(1309, 85, 71, 0),
(1310, 85, 72, 1),
(1311, 85, 73, 1),
(1312, 85, 74, 1),
(1313, 85, 75, 1),
(1314, 85, 76, 1),
(1315, 85, 77, 0),
(1316, 85, 78, 0),
(1317, 85, 79, 1),
(1318, 85, 80, 1),
(1319, 85, 81, 1),
(1320, 85, 82, 1),
(1321, 85, 83, 0),
(1322, 85, 84, 1),
(1323, 85, 85, 0),
(1324, 85, 86, 0),
(1325, 85, 87, 0),
(1326, 85, 88, 1),
(1327, 85, 89, 1),
(1328, 85, 90, 0),
(1329, 85, 91, 0),
(1330, 85, 92, 0),
(1331, 85, 93, 1),
(1332, 85, 94, 1),
(1333, 86, 21, 0),
(1334, 86, 22, 1),
(1335, 86, 23, 0),
(1336, 86, 24, 1),
(1337, 86, 25, 0),
(1338, 86, 26, 1),
(1339, 86, 27, 1),
(1340, 86, 28, 1),
(1341, 86, 29, 1),
(1342, 86, 30, 1),
(1343, 86, 31, 1),
(1344, 86, 32, 1),
(1345, 86, 33, 1),
(1346, 86, 34, 0),
(1347, 86, 35, 0),
(1348, 86, 36, 1),
(1349, 86, 37, 1),
(1350, 86, 38, 1),
(1351, 86, 39, 1),
(1352, 86, 40, 1),
(1353, 87, 21, 1),
(1354, 87, 22, 1),
(1355, 87, 23, 1),
(1356, 87, 24, 1),
(1357, 87, 25, 1),
(1358, 87, 26, 0),
(1359, 87, 27, 1),
(1360, 87, 28, 0),
(1361, 87, 29, 1),
(1362, 87, 30, 1),
(1363, 87, 31, 1),
(1364, 87, 32, 1),
(1365, 87, 33, 1),
(1366, 87, 34, 1),
(1367, 87, 35, 0),
(1368, 87, 36, 1),
(1369, 87, 37, 0),
(1370, 87, 38, 1),
(1371, 87, 39, 1),
(1372, 87, 40, 1),
(1373, 88, 71, 1),
(1374, 88, 72, 1),
(1375, 88, 73, 1),
(1376, 88, 74, 1),
(1377, 88, 75, 1),
(1378, 88, 76, 0),
(1379, 88, 77, 0),
(1380, 88, 78, 1),
(1381, 88, 79, 1),
(1382, 88, 80, 1),
(1383, 88, 81, 1),
(1384, 88, 82, 1),
(1385, 88, 83, 1),
(1386, 88, 84, 1),
(1387, 88, 85, 0),
(1388, 88, 86, 0),
(1389, 88, 87, 1),
(1390, 88, 88, 1),
(1391, 88, 89, 1),
(1392, 88, 90, 1),
(1393, 88, 91, 0),
(1394, 88, 92, 0),
(1395, 88, 93, 1),
(1396, 88, 94, 1),
(1397, 89, 95, 0),
(1398, 89, 96, 1),
(1399, 89, 97, 0),
(1400, 89, 98, 1),
(1401, 89, 99, 0),
(1402, 89, 100, 0),
(1403, 89, 101, 0),
(1404, 89, 102, 1),
(1405, 89, 103, 1),
(1406, 89, 104, 1),
(1407, 90, 1, 0),
(1408, 90, 2, 1),
(1409, 90, 3, 1),
(1410, 90, 4, 1),
(1411, 90, 5, 1),
(1412, 90, 6, 0),
(1413, 90, 7, 0),
(1414, 90, 8, 1),
(1415, 90, 9, 0),
(1416, 90, 10, 1),
(1417, 90, 11, 1),
(1418, 90, 12, 1),
(1419, 90, 13, 1),
(1420, 90, 14, 1),
(1421, 90, 15, 1),
(1422, 90, 16, 0),
(1423, 90, 17, 1),
(1424, 90, 18, 1),
(1425, 90, 19, 0),
(1426, 90, 20, 1),
(1427, 91, 41, 1),
(1428, 91, 42, 1),
(1429, 91, 43, 0),
(1430, 91, 44, 1),
(1431, 91, 45, 0),
(1432, 91, 46, 0),
(1433, 91, 47, 1),
(1434, 91, 48, 1),
(1435, 91, 49, 1),
(1436, 91, 50, 1),
(1437, 91, 51, 1),
(1438, 91, 52, 1),
(1439, 91, 53, 1),
(1440, 91, 54, 1),
(1441, 91, 55, 0),
(1442, 91, 56, 0),
(1443, 91, 57, 0),
(1444, 91, 58, 1),
(1445, 91, 59, 1),
(1446, 91, 60, 1),
(1447, 91, 61, 1),
(1448, 91, 62, 1),
(1449, 91, 63, 1),
(1450, 91, 64, 1),
(1451, 91, 65, 0),
(1452, 91, 66, 1),
(1453, 91, 67, 1),
(1454, 91, 68, 0),
(1455, 91, 69, 1),
(1456, 91, 70, 1),
(1457, 92, 21, 0),
(1458, 92, 22, 1),
(1459, 92, 23, 1),
(1460, 92, 24, 1),
(1461, 92, 25, 1),
(1462, 92, 26, 1),
(1463, 92, 27, 0),
(1464, 92, 28, 1),
(1465, 92, 29, 1),
(1466, 92, 30, 0),
(1467, 92, 31, 1),
(1468, 92, 32, 1),
(1469, 92, 33, 1),
(1470, 92, 34, 0),
(1471, 92, 35, 1),
(1472, 92, 36, 1),
(1473, 92, 37, 1),
(1474, 92, 38, 1),
(1475, 92, 39, 1),
(1476, 92, 40, 1),
(1477, 93, 71, 1),
(1478, 93, 72, 1),
(1479, 93, 73, 1),
(1480, 93, 74, 1),
(1481, 93, 75, 1),
(1482, 93, 76, 1),
(1483, 93, 77, 1),
(1484, 93, 78, 1),
(1485, 93, 79, 1),
(1486, 93, 80, 1),
(1487, 93, 81, 1),
(1488, 93, 82, 1),
(1489, 93, 83, 0),
(1490, 93, 84, 1),
(1491, 93, 85, 1),
(1492, 93, 86, 0),
(1493, 93, 87, 0),
(1494, 93, 88, 1),
(1495, 93, 89, 1),
(1496, 93, 90, 1),
(1497, 93, 91, 1),
(1498, 93, 92, 0),
(1499, 93, 93, 1),
(1500, 93, 94, 1),
(1501, 94, 95, 0),
(1502, 94, 96, 1),
(1503, 94, 97, 0),
(1504, 94, 98, 0),
(1505, 94, 99, 0),
(1506, 94, 100, 0),
(1507, 94, 101, 0),
(1508, 94, 102, 0),
(1509, 94, 103, 0),
(1510, 94, 104, 1),
(1511, 95, 1, 1),
(1512, 95, 2, 0),
(1513, 95, 3, 1),
(1514, 95, 4, 1),
(1515, 95, 5, 0),
(1516, 95, 6, 1),
(1517, 95, 7, 1),
(1518, 95, 8, 1),
(1519, 95, 9, 1),
(1520, 95, 10, 1),
(1521, 95, 11, 1),
(1522, 95, 12, 0),
(1523, 95, 13, 1),
(1524, 95, 14, 0),
(1525, 95, 15, 1),
(1526, 95, 16, 0),
(1527, 95, 17, 1),
(1528, 95, 18, 1),
(1529, 95, 19, 1),
(1530, 95, 20, 0),
(1531, 96, 41, 0),
(1532, 96, 42, 1),
(1533, 96, 43, 1),
(1534, 96, 44, 1),
(1535, 96, 45, 1),
(1536, 96, 46, 1),
(1537, 96, 47, 1),
(1538, 96, 48, 1),
(1539, 96, 49, 1),
(1540, 96, 50, 1),
(1541, 96, 51, 0),
(1542, 96, 52, 0),
(1543, 96, 53, 1),
(1544, 96, 54, 1),
(1545, 96, 55, 1),
(1546, 96, 56, 0),
(1547, 96, 57, 1),
(1548, 96, 58, 1),
(1549, 96, 59, 1),
(1550, 96, 60, 1),
(1551, 96, 61, 0),
(1552, 96, 62, 1),
(1553, 96, 63, 0),
(1554, 96, 64, 1),
(1555, 96, 65, 1),
(1556, 96, 66, 1),
(1557, 96, 67, 1),
(1558, 96, 68, 1),
(1559, 96, 69, 1),
(1560, 96, 70, 1),
(1561, 97, 71, 1),
(1562, 97, 72, 0),
(1563, 97, 73, 0),
(1564, 97, 74, 1),
(1565, 97, 75, 1),
(1566, 97, 76, 0),
(1567, 97, 77, 1),
(1568, 97, 78, 1),
(1569, 97, 79, 1),
(1570, 97, 80, 1),
(1571, 97, 81, 1),
(1572, 97, 82, 0),
(1573, 97, 83, 1),
(1574, 97, 84, 1),
(1575, 97, 85, 1),
(1576, 97, 86, 1),
(1577, 97, 87, 1),
(1578, 97, 88, 1),
(1579, 97, 89, 0),
(1580, 97, 90, 0),
(1581, 97, 91, 0),
(1582, 97, 92, 1),
(1583, 97, 93, 0),
(1584, 97, 94, 1),
(1585, 98, 21, 1),
(1586, 98, 22, 0),
(1587, 98, 23, 1),
(1588, 98, 24, 0),
(1589, 98, 25, 1),
(1590, 98, 26, 1),
(1591, 98, 27, 1),
(1592, 98, 28, 1),
(1593, 98, 29, 1),
(1594, 98, 30, 0),
(1595, 98, 31, 1),
(1596, 98, 32, 0),
(1597, 98, 33, 1),
(1598, 98, 34, 1),
(1599, 98, 35, 1),
(1600, 98, 36, 1),
(1601, 98, 37, 1),
(1602, 98, 38, 1),
(1603, 98, 39, 1),
(1604, 98, 40, 0),
(1605, 99, 95, 0),
(1606, 99, 96, 0),
(1607, 99, 97, 0),
(1608, 99, 98, 0),
(1609, 99, 99, 1),
(1610, 99, 100, 0),
(1611, 99, 101, 1),
(1612, 99, 102, 1),
(1613, 99, 103, 1),
(1614, 99, 104, 0),
(1615, 100, 1, 1),
(1616, 100, 2, 1),
(1617, 100, 3, 0),
(1618, 100, 4, 0),
(1619, 100, 5, 1),
(1620, 100, 6, 1),
(1621, 100, 7, 0),
(1622, 100, 8, 1),
(1623, 100, 9, 1),
(1624, 100, 10, 1),
(1625, 100, 11, 1),
(1626, 100, 12, 1),
(1627, 100, 13, 1),
(1628, 100, 14, 1),
(1629, 100, 15, 0),
(1630, 100, 16, 0),
(1631, 100, 17, 1),
(1632, 100, 18, 0),
(1633, 100, 19, 1),
(1634, 100, 20, 1),
(1635, 101, 41, 1),
(1636, 101, 42, 1),
(1637, 101, 43, 1),
(1638, 101, 44, 1),
(1639, 101, 45, 0),
(1640, 101, 46, 1),
(1641, 101, 47, 1),
(1642, 101, 48, 0),
(1643, 101, 49, 1),
(1644, 101, 50, 0),
(1645, 101, 51, 0),
(1646, 101, 52, 1),
(1647, 101, 53, 1),
(1648, 101, 54, 1),
(1649, 101, 55, 1),
(1650, 101, 56, 1),
(1651, 101, 57, 1),
(1652, 101, 58, 0),
(1653, 101, 59, 1),
(1654, 101, 60, 0),
(1655, 101, 61, 1),
(1656, 101, 62, 1),
(1657, 101, 63, 0),
(1658, 101, 64, 0),
(1659, 101, 65, 1),
(1660, 101, 66, 1),
(1661, 101, 67, 1),
(1662, 101, 68, 1),
(1663, 101, 69, 1),
(1664, 101, 70, 1),
(1665, 102, 71, 1),
(1666, 102, 72, 1),
(1667, 102, 73, 1),
(1668, 102, 74, 1),
(1669, 102, 75, 1),
(1670, 102, 76, 1),
(1671, 102, 77, 1),
(1672, 102, 78, 1),
(1673, 102, 79, 0),
(1674, 102, 80, 1),
(1675, 102, 81, 0),
(1676, 102, 82, 1),
(1677, 102, 83, 1),
(1678, 102, 84, 1),
(1679, 102, 85, 0),
(1680, 102, 86, 0),
(1681, 102, 87, 0),
(1682, 102, 88, 1),
(1683, 102, 89, 1),
(1684, 102, 90, 0),
(1685, 102, 91, 1),
(1686, 102, 92, 1),
(1687, 102, 93, 0),
(1688, 102, 94, 1),
(1689, 103, 21, 1),
(1690, 103, 22, 1),
(1691, 103, 23, 1),
(1692, 103, 24, 1),
(1693, 103, 25, 1),
(1694, 103, 26, 1),
(1695, 103, 27, 1),
(1696, 103, 28, 1),
(1697, 103, 29, 1),
(1698, 103, 30, 1),
(1699, 103, 31, 1),
(1700, 103, 32, 1),
(1701, 103, 33, 0),
(1702, 103, 34, 1),
(1703, 103, 35, 1),
(1704, 103, 36, 1),
(1705, 103, 37, 1),
(1706, 103, 38, 1),
(1707, 103, 39, 1),
(1708, 103, 40, 1),
(1709, 104, 21, 1),
(1710, 104, 22, 1),
(1711, 104, 23, 1),
(1712, 104, 24, 1),
(1713, 104, 25, 1),
(1714, 104, 26, 1),
(1715, 104, 27, 1),
(1716, 104, 28, 1),
(1717, 104, 29, 1),
(1718, 104, 30, 1),
(1719, 104, 31, 1),
(1720, 104, 32, 1),
(1721, 104, 33, 1),
(1722, 104, 34, 1),
(1723, 104, 35, 0),
(1724, 104, 36, 1),
(1725, 104, 37, 1),
(1726, 104, 38, 1),
(1727, 104, 39, 1),
(1728, 104, 40, 1),
(1729, 105, 95, 0),
(1730, 105, 96, 1),
(1731, 105, 97, 1),
(1732, 105, 98, 0),
(1733, 105, 99, 1),
(1734, 105, 100, 0),
(1735, 105, 101, 0),
(1736, 105, 102, 0),
(1737, 105, 103, 0),
(1738, 105, 104, 1),
(1739, 106, 41, 1),
(1740, 106, 42, 0),
(1741, 106, 43, 1),
(1742, 106, 44, 1),
(1743, 106, 45, 1),
(1744, 106, 46, 1),
(1745, 106, 47, 1),
(1746, 106, 48, 1),
(1747, 106, 49, 1),
(1748, 106, 50, 1),
(1749, 106, 51, 1),
(1750, 106, 52, 1),
(1751, 106, 53, 0),
(1752, 106, 54, 1),
(1753, 106, 55, 1),
(1754, 106, 56, 1),
(1755, 106, 57, 1),
(1756, 106, 58, 1),
(1757, 106, 59, 0),
(1758, 106, 60, 1),
(1759, 106, 61, 1),
(1760, 106, 62, 0),
(1761, 106, 63, 1),
(1762, 106, 64, 1),
(1763, 106, 65, 0),
(1764, 106, 66, 1),
(1765, 106, 67, 0),
(1766, 106, 68, 1),
(1767, 106, 69, 1),
(1768, 106, 70, 1),
(1769, 107, 1, 1),
(1770, 107, 2, 1),
(1771, 107, 3, 1),
(1772, 107, 4, 1),
(1773, 107, 5, 1),
(1774, 107, 6, 1),
(1775, 107, 7, 1),
(1776, 107, 8, 1),
(1777, 107, 9, 1),
(1778, 107, 10, 1),
(1779, 107, 11, 1),
(1780, 107, 12, 1),
(1781, 107, 13, 0),
(1782, 107, 14, 1),
(1783, 107, 15, 1),
(1784, 107, 16, 1),
(1785, 107, 17, 0),
(1786, 107, 18, 1),
(1787, 107, 19, 1),
(1788, 107, 20, 1),
(1789, 108, 71, 1),
(1790, 108, 72, 1),
(1791, 108, 73, 1),
(1792, 108, 74, 1),
(1793, 108, 75, 1),
(1794, 108, 76, 1),
(1795, 108, 77, 1),
(1796, 108, 78, 1),
(1797, 108, 79, 1),
(1798, 108, 80, 0),
(1799, 108, 81, 1),
(1800, 108, 82, 1),
(1801, 108, 83, 1),
(1802, 108, 84, 0),
(1803, 108, 85, 0),
(1804, 108, 86, 1),
(1805, 108, 87, 1),
(1806, 108, 88, 1),
(1807, 108, 89, 1),
(1808, 108, 90, 1),
(1809, 108, 91, 0),
(1810, 108, 92, 0),
(1811, 108, 93, 0),
(1812, 108, 94, 1),
(1813, 109, 21, 1),
(1814, 109, 22, 0),
(1815, 109, 23, 0),
(1816, 109, 24, 0),
(1817, 109, 25, 1),
(1818, 109, 26, 1),
(1819, 109, 27, 1),
(1820, 109, 28, 1),
(1821, 109, 29, 0),
(1822, 109, 30, 0),
(1823, 109, 31, 1),
(1824, 109, 32, 0),
(1825, 109, 33, 1),
(1826, 109, 34, 1),
(1827, 109, 35, 1),
(1828, 109, 36, 1),
(1829, 109, 37, 1),
(1830, 109, 38, 1),
(1831, 109, 39, 0),
(1832, 109, 40, 1),
(1833, 110, 95, 0),
(1834, 110, 96, 0),
(1835, 110, 97, 0),
(1836, 110, 98, 0),
(1837, 110, 99, 0),
(1838, 110, 100, 0),
(1839, 110, 101, 1),
(1840, 110, 102, 1),
(1841, 110, 103, 0),
(1842, 110, 104, 0),
(1843, 111, 41, 1),
(1844, 111, 42, 0),
(1845, 111, 43, 1),
(1846, 111, 44, 0),
(1847, 111, 45, 1),
(1848, 111, 46, 1),
(1849, 111, 47, 0),
(1850, 111, 48, 1),
(1851, 111, 49, 0),
(1852, 111, 50, 1),
(1853, 111, 51, 1),
(1854, 111, 52, 1),
(1855, 111, 53, 1),
(1856, 111, 54, 1),
(1857, 111, 55, 1),
(1858, 111, 56, 0),
(1859, 111, 57, 0),
(1860, 111, 58, 1),
(1861, 111, 59, 0),
(1862, 111, 60, 1),
(1863, 111, 61, 1),
(1864, 111, 62, 1),
(1865, 111, 63, 1),
(1866, 111, 64, 0),
(1867, 111, 65, 1),
(1868, 111, 66, 1),
(1869, 111, 67, 1),
(1870, 111, 68, 1),
(1871, 111, 69, 1),
(1872, 111, 70, 0),
(1873, 112, 1, 1),
(1874, 112, 2, 1),
(1875, 112, 3, 1),
(1876, 112, 4, 1),
(1877, 112, 5, 0),
(1878, 112, 6, 1),
(1879, 112, 7, 0),
(1880, 112, 8, 0),
(1881, 112, 9, 1),
(1882, 112, 10, 1),
(1883, 112, 11, 1),
(1884, 112, 12, 1),
(1885, 112, 13, 1),
(1886, 112, 14, 1),
(1887, 112, 15, 1),
(1888, 112, 16, 1),
(1889, 112, 17, 1),
(1890, 112, 18, 1),
(1891, 112, 19, 1),
(1892, 112, 20, 1),
(1893, 113, 1, 1),
(1894, 113, 2, 1),
(1895, 113, 3, 1),
(1896, 113, 4, 0),
(1897, 113, 5, 1),
(1898, 113, 6, 1),
(1899, 113, 7, 1),
(1900, 113, 8, 1),
(1901, 113, 9, 0),
(1902, 113, 10, 1),
(1903, 113, 11, 1),
(1904, 113, 12, 1),
(1905, 113, 13, 1),
(1906, 113, 14, 0),
(1907, 113, 15, 1),
(1908, 113, 16, 0),
(1909, 113, 17, 1),
(1910, 113, 18, 1),
(1911, 113, 19, 1),
(1912, 113, 20, 1),
(1913, 114, 21, 0),
(1914, 114, 22, 1),
(1915, 114, 23, 1),
(1916, 114, 24, 1),
(1917, 114, 25, 1),
(1918, 114, 26, 1),
(1919, 114, 27, 0),
(1920, 114, 28, 0),
(1921, 114, 29, 1),
(1922, 114, 30, 0),
(1923, 114, 31, 1),
(1924, 114, 32, 1),
(1925, 114, 33, 1),
(1926, 114, 34, 1),
(1927, 114, 35, 1),
(1928, 114, 36, 1),
(1929, 114, 37, 1),
(1930, 114, 38, 1),
(1931, 114, 39, 1),
(1932, 114, 40, 1),
(1933, 115, 41, 1),
(1934, 115, 42, 1),
(1935, 115, 43, 1),
(1936, 115, 44, 1),
(1937, 115, 45, 1),
(1938, 115, 46, 1),
(1939, 115, 47, 1),
(1940, 115, 48, 1),
(1941, 115, 49, 1),
(1942, 115, 50, 1),
(1943, 115, 51, 1),
(1944, 115, 52, 1),
(1945, 115, 53, 0),
(1946, 115, 54, 1),
(1947, 115, 55, 1),
(1948, 115, 56, 1),
(1949, 115, 57, 1),
(1950, 115, 58, 1),
(1951, 115, 59, 1),
(1952, 115, 60, 1),
(1953, 115, 61, 1),
(1954, 115, 62, 1),
(1955, 115, 63, 1),
(1956, 115, 64, 1),
(1957, 115, 65, 0),
(1958, 115, 66, 1),
(1959, 115, 67, 1),
(1960, 115, 68, 1),
(1961, 115, 69, 0),
(1962, 115, 70, 1),
(1963, 116, 95, 0),
(1964, 116, 96, 0),
(1965, 116, 97, 0),
(1966, 116, 98, 1),
(1967, 116, 99, 1),
(1968, 116, 100, 1),
(1969, 116, 101, 1),
(1970, 116, 102, 1),
(1971, 116, 103, 1),
(1972, 116, 104, 0),
(1973, 117, 1, 1),
(1974, 117, 2, 1),
(1975, 117, 3, 1),
(1976, 117, 4, 1),
(1977, 117, 5, 1),
(1978, 117, 6, 0),
(1979, 117, 7, 1),
(1980, 117, 8, 1),
(1981, 117, 9, 1),
(1982, 117, 10, 1),
(1983, 117, 11, 1),
(1984, 117, 12, 1),
(1985, 117, 13, 1),
(1986, 117, 14, 1),
(1987, 117, 15, 1),
(1988, 117, 16, 1),
(1989, 117, 17, 1),
(1990, 117, 18, 1),
(1991, 117, 19, 1),
(1992, 117, 20, 0),
(1993, 118, 71, 0),
(1994, 118, 72, 1),
(1995, 118, 73, 0),
(1996, 118, 74, 1),
(1997, 118, 75, 1),
(1998, 118, 76, 0),
(1999, 118, 77, 1),
(2000, 118, 78, 1),
(2001, 118, 79, 1),
(2002, 118, 80, 1),
(2003, 118, 81, 1),
(2004, 118, 82, 1),
(2005, 118, 83, 0),
(2006, 118, 84, 1),
(2007, 118, 85, 0),
(2008, 118, 86, 1),
(2009, 118, 87, 0),
(2010, 118, 88, 1),
(2011, 118, 89, 0),
(2012, 118, 90, 1),
(2013, 118, 91, 1),
(2014, 118, 92, 0),
(2015, 118, 93, 1),
(2016, 118, 94, 0),
(2017, 119, 41, 1),
(2018, 119, 42, 1),
(2019, 119, 43, 1),
(2020, 119, 44, 1),
(2021, 119, 45, 1),
(2022, 119, 46, 1),
(2023, 119, 47, 1),
(2024, 119, 48, 1),
(2025, 119, 49, 0),
(2026, 119, 50, 1),
(2027, 119, 51, 0),
(2028, 119, 52, 1),
(2029, 119, 53, 1),
(2030, 119, 54, 0),
(2031, 119, 55, 1),
(2032, 119, 56, 1),
(2033, 119, 57, 1),
(2034, 119, 58, 1),
(2035, 119, 59, 1),
(2036, 119, 60, 1),
(2037, 119, 61, 1),
(2038, 119, 62, 1),
(2039, 119, 63, 1),
(2040, 119, 64, 1),
(2041, 119, 65, 1),
(2042, 119, 66, 0),
(2043, 119, 67, 1),
(2044, 119, 68, 0),
(2045, 119, 69, 1),
(2046, 119, 70, 0),
(2047, 120, 21, 0),
(2048, 120, 22, 1),
(2049, 120, 23, 1),
(2050, 120, 24, 1),
(2051, 120, 25, 1),
(2052, 120, 26, 1),
(2053, 120, 27, 1),
(2054, 120, 28, 1),
(2055, 120, 29, 0),
(2056, 120, 30, 1),
(2057, 120, 31, 1),
(2058, 120, 32, 1),
(2059, 120, 33, 1),
(2060, 120, 34, 1),
(2061, 120, 35, 1),
(2062, 120, 36, 1),
(2063, 120, 37, 1),
(2064, 120, 38, 0),
(2065, 120, 39, 1),
(2066, 120, 40, 1),
(2067, 121, 95, 1),
(2068, 121, 96, 0),
(2069, 121, 97, 1),
(2070, 121, 98, 1),
(2071, 121, 99, 0),
(2072, 121, 100, 1),
(2073, 121, 101, 0),
(2074, 121, 102, 1),
(2075, 121, 103, 1),
(2076, 121, 104, 0),
(2077, 122, 21, 0),
(2078, 122, 22, 0),
(2079, 122, 23, 1),
(2080, 122, 24, 0),
(2081, 122, 25, 1),
(2082, 122, 26, 1),
(2083, 122, 27, 0),
(2084, 122, 28, 1),
(2085, 122, 29, 1),
(2086, 122, 30, 1),
(2087, 122, 31, 1),
(2088, 122, 32, 1),
(2089, 122, 33, 1),
(2090, 122, 34, 1),
(2091, 122, 35, 1),
(2092, 122, 36, 0),
(2093, 122, 37, 1),
(2094, 122, 38, 0),
(2095, 122, 39, 1),
(2096, 122, 40, 0),
(2097, 123, 41, 0),
(2098, 123, 42, 1),
(2099, 123, 43, 1),
(2100, 123, 44, 1),
(2101, 123, 45, 1),
(2102, 123, 46, 1),
(2103, 123, 47, 1),
(2104, 123, 48, 1),
(2105, 123, 49, 1),
(2106, 123, 50, 1),
(2107, 123, 51, 1),
(2108, 123, 52, 1),
(2109, 123, 53, 0),
(2110, 123, 54, 1),
(2111, 123, 55, 1),
(2112, 123, 56, 0),
(2113, 123, 57, 1),
(2114, 123, 58, 0),
(2115, 123, 59, 1),
(2116, 123, 60, 0),
(2117, 123, 61, 1),
(2118, 123, 62, 1),
(2119, 123, 63, 1),
(2120, 123, 64, 1),
(2121, 123, 65, 1),
(2122, 123, 66, 1),
(2123, 123, 67, 1),
(2124, 123, 68, 1),
(2125, 123, 69, 1),
(2126, 123, 70, 1),
(2127, 124, 71, 1),
(2128, 124, 72, 1),
(2129, 124, 73, 1),
(2130, 124, 74, 0),
(2131, 124, 75, 1),
(2132, 124, 76, 1),
(2133, 124, 77, 0),
(2134, 124, 78, 1),
(2135, 124, 79, 1),
(2136, 124, 80, 1),
(2137, 124, 81, 1),
(2138, 124, 82, 0),
(2139, 124, 83, 0),
(2140, 124, 84, 1),
(2141, 124, 85, 1),
(2142, 124, 86, 1),
(2143, 124, 87, 1),
(2144, 124, 88, 0),
(2145, 124, 89, 0),
(2146, 124, 90, 0),
(2147, 124, 91, 0),
(2148, 124, 92, 0),
(2149, 124, 93, 0),
(2150, 124, 94, 1),
(2151, 125, 1, 0),
(2152, 125, 2, 0),
(2153, 125, 3, 0),
(2154, 125, 4, 1),
(2155, 125, 5, 1),
(2156, 125, 6, 1),
(2157, 125, 7, 1),
(2158, 125, 8, 0),
(2159, 125, 9, 1),
(2160, 125, 10, 1),
(2161, 125, 11, 1),
(2162, 125, 12, 1),
(2163, 125, 13, 1),
(2164, 125, 14, 0),
(2165, 125, 15, 1),
(2166, 125, 16, 1),
(2167, 125, 17, 1),
(2168, 125, 18, 1),
(2169, 125, 19, 0),
(2170, 125, 20, 1),
(2171, 126, 95, 0),
(2172, 126, 96, 0),
(2173, 126, 97, 1),
(2174, 126, 98, 1),
(2175, 126, 99, 1),
(2176, 126, 100, 0),
(2177, 126, 101, 1),
(2178, 126, 102, 1),
(2179, 126, 103, 0),
(2180, 126, 104, 1),
(2181, 127, 21, 1),
(2182, 127, 22, 1),
(2183, 127, 23, 1),
(2184, 127, 24, 1),
(2185, 127, 25, 0),
(2186, 127, 26, 1),
(2187, 127, 27, 1),
(2188, 127, 28, 0),
(2189, 127, 29, 1),
(2190, 127, 30, 1),
(2191, 127, 31, 1),
(2192, 127, 32, 1),
(2193, 127, 33, 1),
(2194, 127, 34, 0),
(2195, 127, 35, 0),
(2196, 127, 36, 1),
(2197, 127, 37, 1),
(2198, 127, 38, 1),
(2199, 127, 39, 1),
(2200, 127, 40, 1),
(2201, 128, 41, 1),
(2202, 128, 42, 0),
(2203, 128, 43, 0),
(2204, 128, 44, 0),
(2205, 128, 45, 1),
(2206, 128, 46, 1),
(2207, 128, 47, 0),
(2208, 128, 48, 1),
(2209, 128, 49, 1),
(2210, 128, 50, 1),
(2211, 128, 51, 0),
(2212, 128, 52, 1),
(2213, 128, 53, 1),
(2214, 128, 54, 1),
(2215, 128, 55, 1),
(2216, 128, 56, 0),
(2217, 128, 57, 1),
(2218, 128, 58, 1),
(2219, 128, 59, 1),
(2220, 128, 60, 1),
(2221, 128, 61, 1),
(2222, 128, 62, 1),
(2223, 128, 63, 1),
(2224, 128, 64, 1),
(2225, 128, 65, 1),
(2226, 128, 66, 0),
(2227, 128, 67, 1),
(2228, 128, 68, 1),
(2229, 128, 69, 1),
(2230, 128, 70, 1),
(2231, 129, 71, 0),
(2232, 129, 72, 1),
(2233, 129, 73, 1),
(2234, 129, 74, 1),
(2235, 129, 75, 1),
(2236, 129, 76, 0),
(2237, 129, 77, 0),
(2238, 129, 78, 1),
(2239, 129, 79, 0),
(2240, 129, 80, 0),
(2241, 129, 81, 1),
(2242, 129, 82, 1),
(2243, 129, 83, 1),
(2244, 129, 84, 1),
(2245, 129, 85, 0),
(2246, 129, 86, 1),
(2247, 129, 87, 1),
(2248, 129, 88, 1),
(2249, 129, 89, 1),
(2250, 129, 90, 0),
(2251, 129, 91, 1),
(2252, 129, 92, 1),
(2253, 129, 93, 0),
(2254, 129, 94, 0),
(2255, 130, 1, 0),
(2256, 130, 2, 1),
(2257, 130, 3, 1),
(2258, 130, 4, 1),
(2259, 130, 5, 1),
(2260, 130, 6, 0),
(2261, 130, 7, 1),
(2262, 130, 8, 1),
(2263, 130, 9, 0),
(2264, 130, 10, 1),
(2265, 130, 11, 0),
(2266, 130, 12, 1),
(2267, 130, 13, 0),
(2268, 130, 14, 1),
(2269, 130, 15, 1),
(2270, 130, 16, 0),
(2271, 130, 17, 1),
(2272, 130, 18, 1),
(2273, 130, 19, 1),
(2274, 130, 20, 1),
(2275, 131, 71, 0),
(2276, 131, 72, 1),
(2277, 131, 73, 0),
(2278, 131, 74, 1),
(2279, 131, 75, 1),
(2280, 131, 76, 1),
(2281, 131, 77, 1),
(2282, 131, 78, 1),
(2283, 131, 79, 0),
(2284, 131, 80, 0),
(2285, 131, 81, 1),
(2286, 131, 82, 1),
(2287, 131, 83, 1),
(2288, 131, 84, 0),
(2289, 131, 85, 0),
(2290, 131, 86, 1),
(2291, 131, 87, 0),
(2292, 131, 88, 1),
(2293, 131, 89, 1),
(2294, 131, 90, 0),
(2295, 131, 91, 0),
(2296, 131, 92, 0),
(2297, 131, 93, 1),
(2298, 131, 94, 1),
(2299, 132, 95, 0),
(2300, 132, 96, 0),
(2301, 132, 97, 1),
(2302, 132, 98, 0),
(2303, 132, 99, 1),
(2304, 132, 100, 0),
(2305, 132, 101, 1),
(2306, 132, 102, 0),
(2307, 132, 103, 0),
(2308, 132, 104, 0),
(2309, 133, 21, 1),
(2310, 133, 22, 0),
(2311, 133, 23, 1),
(2312, 133, 24, 1),
(2313, 133, 25, 1),
(2314, 133, 26, 0),
(2315, 133, 27, 1),
(2316, 133, 28, 1),
(2317, 133, 29, 0),
(2318, 133, 30, 1),
(2319, 133, 31, 1),
(2320, 133, 32, 1),
(2321, 133, 33, 1),
(2322, 133, 34, 1),
(2323, 133, 35, 1),
(2324, 133, 36, 1),
(2325, 133, 37, 1),
(2326, 133, 38, 1),
(2327, 133, 39, 1),
(2328, 133, 40, 1),
(2329, 134, 41, 0),
(2330, 134, 42, 1),
(2331, 134, 43, 1),
(2332, 134, 44, 0),
(2333, 134, 45, 1),
(2334, 134, 46, 0),
(2335, 134, 47, 1),
(2336, 134, 48, 1),
(2337, 134, 49, 0),
(2338, 134, 50, 0),
(2339, 134, 51, 1),
(2340, 134, 52, 1),
(2341, 134, 53, 1),
(2342, 134, 54, 1),
(2343, 134, 55, 1),
(2344, 134, 56, 1),
(2345, 134, 57, 1),
(2346, 134, 58, 0),
(2347, 134, 59, 1),
(2348, 134, 60, 1),
(2349, 134, 61, 0),
(2350, 134, 62, 0),
(2351, 134, 63, 1),
(2352, 134, 64, 1),
(2353, 134, 65, 1),
(2354, 134, 66, 0),
(2355, 134, 67, 0),
(2356, 134, 68, 1),
(2357, 134, 69, 1),
(2358, 134, 70, 0),
(2359, 135, 1, 1),
(2360, 135, 2, 1),
(2361, 135, 3, 1),
(2362, 135, 4, 0),
(2363, 135, 5, 0),
(2364, 135, 6, 1),
(2365, 135, 7, 1),
(2366, 135, 8, 1),
(2367, 135, 9, 0),
(2368, 135, 10, 0),
(2369, 135, 11, 1),
(2370, 135, 12, 0),
(2371, 135, 13, 1),
(2372, 135, 14, 1),
(2373, 135, 15, 1),
(2374, 135, 16, 1),
(2375, 135, 17, 0),
(2376, 135, 18, 1),
(2377, 135, 19, 1),
(2378, 135, 20, 1),
(2379, 136, 71, 1),
(2380, 136, 72, 1),
(2381, 136, 73, 1),
(2382, 136, 74, 1),
(2383, 136, 75, 1),
(2384, 136, 76, 1),
(2385, 136, 77, 1),
(2386, 136, 78, 0),
(2387, 136, 79, 1),
(2388, 136, 80, 1),
(2389, 136, 81, 1),
(2390, 136, 82, 0),
(2391, 136, 83, 1),
(2392, 136, 84, 1),
(2393, 136, 85, 1),
(2394, 136, 86, 1),
(2395, 136, 87, 1),
(2396, 136, 88, 1),
(2397, 136, 89, 1),
(2398, 136, 90, 1),
(2399, 136, 91, 0),
(2400, 136, 92, 0),
(2401, 136, 93, 1),
(2402, 136, 94, 0),
(2403, 137, 95, 0),
(2404, 137, 96, 1),
(2405, 137, 97, 1),
(2406, 137, 98, 0),
(2407, 137, 99, 1),
(2408, 137, 100, 1),
(2409, 137, 101, 1),
(2410, 137, 102, 0),
(2411, 137, 103, 0),
(2412, 137, 104, 1),
(2413, 138, 41, 1),
(2414, 138, 42, 1),
(2415, 138, 43, 0),
(2416, 138, 44, 1),
(2417, 138, 45, 1),
(2418, 138, 46, 0),
(2419, 138, 47, 1),
(2420, 138, 48, 0),
(2421, 138, 49, 1),
(2422, 138, 50, 0),
(2423, 138, 51, 0),
(2424, 138, 52, 0),
(2425, 138, 53, 1),
(2426, 138, 54, 1),
(2427, 138, 55, 1),
(2428, 138, 56, 1),
(2429, 138, 57, 1),
(2430, 138, 58, 1),
(2431, 138, 59, 1),
(2432, 138, 60, 0),
(2433, 138, 61, 1),
(2434, 138, 62, 0),
(2435, 138, 63, 1),
(2436, 138, 64, 0),
(2437, 138, 65, 0),
(2438, 138, 66, 1),
(2439, 138, 67, 1),
(2440, 138, 68, 1),
(2441, 138, 69, 1),
(2442, 138, 70, 1),
(2443, 139, 1, 1),
(2444, 139, 2, 1),
(2445, 139, 3, 1),
(2446, 139, 4, 0),
(2447, 139, 5, 1),
(2448, 139, 6, 0),
(2449, 139, 7, 1),
(2450, 139, 8, 1),
(2451, 139, 9, 0),
(2452, 139, 10, 1),
(2453, 139, 11, 1),
(2454, 139, 12, 1),
(2455, 139, 13, 1),
(2456, 139, 14, 1),
(2457, 139, 15, 0),
(2458, 139, 16, 0),
(2459, 139, 17, 1),
(2460, 139, 18, 1),
(2461, 139, 19, 1),
(2462, 139, 20, 1),
(2463, 140, 21, 1),
(2464, 140, 22, 1),
(2465, 140, 23, 0),
(2466, 140, 24, 1),
(2467, 140, 25, 1),
(2468, 140, 26, 1),
(2469, 140, 27, 1),
(2470, 140, 28, 1),
(2471, 140, 29, 1),
(2472, 140, 30, 1),
(2473, 140, 31, 1),
(2474, 140, 32, 0),
(2475, 140, 33, 1),
(2476, 140, 34, 1),
(2477, 140, 35, 1),
(2478, 140, 36, 1),
(2479, 140, 37, 1),
(2480, 140, 38, 1),
(2481, 140, 39, 1),
(2482, 140, 40, 1),
(2483, 141, 71, 1),
(2484, 141, 72, 1),
(2485, 141, 73, 1),
(2486, 141, 74, 1),
(2487, 141, 75, 1),
(2488, 141, 76, 1),
(2489, 141, 77, 0),
(2490, 141, 78, 1),
(2491, 141, 79, 1),
(2492, 141, 80, 1),
(2493, 141, 81, 0),
(2494, 141, 82, 1),
(2495, 141, 83, 1),
(2496, 141, 84, 1),
(2497, 141, 85, 1),
(2498, 141, 86, 1),
(2499, 141, 87, 1),
(2500, 141, 88, 1),
(2501, 141, 89, 1),
(2502, 141, 90, 0),
(2503, 141, 91, 1),
(2504, 141, 92, 0),
(2505, 141, 93, 1),
(2506, 141, 94, 1),
(2507, 142, 95, 1),
(2508, 142, 96, 0),
(2509, 142, 97, 1),
(2510, 142, 98, 0),
(2511, 142, 99, 0),
(2512, 142, 100, 0),
(2513, 142, 101, 0),
(2514, 142, 102, 0),
(2515, 142, 103, 0),
(2516, 142, 104, 1),
(2517, 143, 41, 1),
(2518, 143, 42, 1),
(2519, 143, 43, 1),
(2520, 143, 44, 1),
(2521, 143, 45, 1),
(2522, 143, 46, 0),
(2523, 143, 47, 0),
(2524, 143, 48, 1),
(2525, 143, 49, 0),
(2526, 143, 50, 1),
(2527, 143, 51, 0),
(2528, 143, 52, 1),
(2529, 143, 53, 0),
(2530, 143, 54, 1),
(2531, 143, 55, 1),
(2532, 143, 56, 1),
(2533, 143, 57, 0),
(2534, 143, 58, 1),
(2535, 143, 59, 0),
(2536, 143, 60, 1),
(2537, 143, 61, 1),
(2538, 143, 62, 0),
(2539, 143, 63, 1),
(2540, 143, 64, 0),
(2541, 143, 65, 0),
(2542, 143, 66, 0),
(2543, 143, 67, 1),
(2544, 143, 68, 1),
(2545, 143, 69, 1),
(2546, 143, 70, 1),
(2547, 144, 1, 0),
(2548, 144, 2, 0),
(2549, 144, 3, 1),
(2550, 144, 4, 0),
(2551, 144, 5, 0),
(2552, 144, 6, 1),
(2553, 144, 7, 1),
(2554, 144, 8, 1),
(2555, 144, 9, 1),
(2556, 144, 10, 1),
(2557, 144, 11, 0),
(2558, 144, 12, 1),
(2559, 144, 13, 1),
(2560, 144, 14, 1),
(2561, 144, 15, 0),
(2562, 144, 16, 1),
(2563, 144, 17, 1),
(2564, 144, 18, 1),
(2565, 144, 19, 1),
(2566, 144, 20, 0),
(2567, 145, 21, 1),
(2568, 145, 22, 0),
(2569, 145, 23, 0),
(2570, 145, 24, 1),
(2571, 145, 25, 1),
(2572, 145, 26, 1),
(2573, 145, 27, 1),
(2574, 145, 28, 0),
(2575, 145, 29, 1),
(2576, 145, 30, 1),
(2577, 145, 31, 1),
(2578, 145, 32, 0),
(2579, 145, 33, 1),
(2580, 145, 34, 1),
(2581, 145, 35, 0),
(2582, 145, 36, 1),
(2583, 145, 37, 1),
(2584, 145, 38, 0),
(2585, 145, 39, 1),
(2586, 145, 40, 0),
(2587, 146, 71, 1),
(2588, 146, 72, 0),
(2589, 146, 73, 1),
(2590, 146, 74, 0),
(2591, 146, 75, 1),
(2592, 146, 76, 1),
(2593, 146, 77, 1),
(2594, 146, 78, 0),
(2595, 146, 79, 0),
(2596, 146, 80, 1),
(2597, 146, 81, 1),
(2598, 146, 82, 1),
(2599, 146, 83, 1),
(2600, 146, 84, 0),
(2601, 146, 85, 1),
(2602, 146, 86, 0),
(2603, 146, 87, 1),
(2604, 146, 88, 1),
(2605, 146, 89, 0),
(2606, 146, 90, 0),
(2607, 146, 91, 0),
(2608, 146, 92, 1),
(2609, 146, 93, 0),
(2610, 146, 94, 1),
(2611, 147, 95, 0),
(2612, 147, 96, 0),
(2613, 147, 97, 0),
(2614, 147, 98, 0),
(2615, 147, 99, 0),
(2616, 147, 100, 0),
(2617, 147, 101, 1),
(2618, 147, 102, 0),
(2619, 147, 103, 0),
(2620, 147, 104, 0),
(2621, 148, 21, 1),
(2622, 148, 22, 1),
(2623, 148, 23, 1),
(2624, 148, 24, 0),
(2625, 148, 25, 1),
(2626, 148, 26, 1),
(2627, 148, 27, 1),
(2628, 148, 28, 1),
(2629, 148, 29, 1),
(2630, 148, 30, 1),
(2631, 148, 31, 0),
(2632, 148, 32, 1),
(2633, 148, 33, 1),
(2634, 148, 34, 1),
(2635, 148, 35, 1),
(2636, 148, 36, 1),
(2637, 148, 37, 1),
(2638, 148, 38, 1),
(2639, 148, 39, 1),
(2640, 148, 40, 0),
(2641, 149, 41, 0),
(2642, 149, 42, 1),
(2643, 149, 43, 1),
(2644, 149, 44, 1),
(2645, 149, 45, 1),
(2646, 149, 46, 1),
(2647, 149, 47, 1),
(2648, 149, 48, 1),
(2649, 149, 49, 1),
(2650, 149, 50, 0),
(2651, 149, 51, 0),
(2652, 149, 52, 1),
(2653, 149, 53, 1),
(2654, 149, 54, 1),
(2655, 149, 55, 1),
(2656, 149, 56, 1),
(2657, 149, 57, 0),
(2658, 149, 58, 1),
(2659, 149, 59, 1),
(2660, 149, 60, 1),
(2661, 149, 61, 1),
(2662, 149, 62, 1),
(2663, 149, 63, 1),
(2664, 149, 64, 1),
(2665, 149, 65, 1),
(2666, 149, 66, 1),
(2667, 149, 67, 1),
(2668, 149, 68, 1),
(2669, 149, 69, 1),
(2670, 149, 70, 1),
(2671, 150, 1, 1),
(2672, 150, 2, 1),
(2673, 150, 3, 0),
(2674, 150, 4, 1),
(2675, 150, 5, 0),
(2676, 150, 6, 0),
(2677, 150, 7, 1),
(2678, 150, 8, 1),
(2679, 150, 9, 1),
(2680, 150, 10, 1),
(2681, 150, 11, 0),
(2682, 150, 12, 1),
(2683, 150, 13, 1),
(2684, 150, 14, 1),
(2685, 150, 15, 1),
(2686, 150, 16, 0),
(2687, 150, 17, 1),
(2688, 150, 18, 1),
(2689, 150, 19, 1),
(2690, 150, 20, 0),
(2691, 151, 71, 1),
(2692, 151, 72, 1),
(2693, 151, 73, 1),
(2694, 151, 74, 1),
(2695, 151, 75, 1),
(2696, 151, 76, 1),
(2697, 151, 77, 1),
(2698, 151, 78, 1),
(2699, 151, 79, 1),
(2700, 151, 80, 1),
(2701, 151, 81, 1),
(2702, 151, 82, 1),
(2703, 151, 83, 1),
(2704, 151, 84, 0),
(2705, 151, 85, 1),
(2706, 151, 86, 0),
(2707, 151, 87, 1),
(2708, 151, 88, 1),
(2709, 151, 89, 1),
(2710, 151, 90, 0),
(2711, 151, 91, 1),
(2712, 151, 92, 1),
(2713, 151, 93, 1),
(2714, 151, 94, 1),
(2715, 152, 21, 1),
(2716, 152, 22, 1),
(2717, 152, 23, 0),
(2718, 152, 24, 1),
(2719, 152, 25, 0),
(2720, 152, 26, 1),
(2721, 152, 27, 0),
(2722, 152, 28, 1),
(2723, 152, 29, 1),
(2724, 152, 30, 1),
(2725, 152, 31, 0),
(2726, 152, 32, 1),
(2727, 152, 33, 0),
(2728, 152, 34, 1),
(2729, 152, 35, 1),
(2730, 152, 36, 1),
(2731, 152, 37, 1),
(2732, 152, 38, 1),
(2733, 152, 39, 1),
(2734, 152, 40, 1),
(2735, 153, 41, 0),
(2736, 153, 42, 1),
(2737, 153, 43, 1),
(2738, 153, 44, 1),
(2739, 153, 45, 1),
(2740, 153, 46, 1),
(2741, 153, 47, 0),
(2742, 153, 48, 0),
(2743, 153, 49, 1),
(2744, 153, 50, 1),
(2745, 153, 51, 1),
(2746, 153, 52, 1),
(2747, 153, 53, 1),
(2748, 153, 54, 1),
(2749, 153, 55, 1),
(2750, 153, 56, 0),
(2751, 153, 57, 1),
(2752, 153, 58, 0),
(2753, 153, 59, 1),
(2754, 153, 60, 1),
(2755, 153, 61, 0),
(2756, 153, 62, 1),
(2757, 153, 63, 1),
(2758, 153, 64, 1),
(2759, 153, 65, 0),
(2760, 153, 66, 1),
(2761, 153, 67, 0),
(2762, 153, 68, 0),
(2763, 153, 69, 1),
(2764, 153, 70, 1),
(2765, 154, 1, 0),
(2766, 154, 2, 1),
(2767, 154, 3, 1),
(2768, 154, 4, 1),
(2769, 154, 5, 1),
(2770, 154, 6, 1),
(2771, 154, 7, 1),
(2772, 154, 8, 0),
(2773, 154, 9, 1),
(2774, 154, 10, 0),
(2775, 154, 11, 1),
(2776, 154, 12, 1),
(2777, 154, 13, 1),
(2778, 154, 14, 1),
(2779, 154, 15, 1),
(2780, 154, 16, 1),
(2781, 154, 17, 0),
(2782, 154, 18, 1),
(2783, 154, 19, 0),
(2784, 154, 20, 1),
(2785, 155, 71, 1),
(2786, 155, 72, 1),
(2787, 155, 73, 1),
(2788, 155, 74, 1),
(2789, 155, 75, 0),
(2790, 155, 76, 1),
(2791, 155, 77, 1),
(2792, 155, 78, 1),
(2793, 155, 79, 1),
(2794, 155, 80, 0),
(2795, 155, 81, 0),
(2796, 155, 82, 0),
(2797, 155, 83, 1),
(2798, 155, 84, 0),
(2799, 155, 85, 1),
(2800, 155, 86, 0),
(2801, 155, 87, 1),
(2802, 155, 88, 0),
(2803, 155, 89, 1),
(2804, 155, 90, 1),
(2805, 155, 91, 1),
(2806, 155, 92, 0),
(2807, 155, 93, 0),
(2808, 155, 94, 1),
(2809, 156, 95, 1),
(2810, 156, 96, 1),
(2811, 156, 97, 0),
(2812, 156, 98, 1),
(2813, 156, 99, 0),
(2814, 156, 100, 0),
(2815, 156, 101, 0),
(2816, 156, 102, 0),
(2817, 156, 103, 0),
(2818, 156, 104, 1),
(2819, 157, 21, 0),
(2820, 157, 22, 1),
(2821, 157, 23, 1),
(2822, 157, 24, 1),
(2823, 157, 25, 1),
(2824, 157, 26, 1),
(2825, 157, 27, 1),
(2826, 157, 28, 1),
(2827, 157, 29, 0),
(2828, 157, 30, 1),
(2829, 157, 31, 1),
(2830, 157, 32, 0),
(2831, 157, 33, 0),
(2832, 157, 34, 0),
(2833, 157, 35, 1),
(2834, 157, 36, 1),
(2835, 157, 37, 1),
(2836, 157, 38, 1),
(2837, 157, 39, 1),
(2838, 157, 40, 1),
(2839, 158, 41, 1),
(2840, 158, 42, 1),
(2841, 158, 43, 1),
(2842, 158, 44, 1),
(2843, 158, 45, 1),
(2844, 158, 46, 0),
(2845, 158, 47, 0),
(2846, 158, 48, 1),
(2847, 158, 49, 1),
(2848, 158, 50, 1),
(2849, 158, 51, 1),
(2850, 158, 52, 1),
(2851, 158, 53, 1),
(2852, 158, 54, 1),
(2853, 158, 55, 1),
(2854, 158, 56, 0),
(2855, 158, 57, 0),
(2856, 158, 58, 1),
(2857, 158, 59, 1),
(2858, 158, 60, 1),
(2859, 158, 61, 1),
(2860, 158, 62, 1),
(2861, 158, 63, 1),
(2862, 158, 64, 1),
(2863, 158, 65, 1),
(2864, 158, 66, 1),
(2865, 158, 67, 0),
(2866, 158, 68, 1),
(2867, 158, 69, 1),
(2868, 158, 70, 1),
(2869, 159, 1, 1),
(2870, 159, 2, 1),
(2871, 159, 3, 1),
(2872, 159, 4, 0),
(2873, 159, 5, 1),
(2874, 159, 6, 0),
(2875, 159, 7, 1),
(2876, 159, 8, 1),
(2877, 159, 9, 1),
(2878, 159, 10, 1),
(2879, 159, 11, 0),
(2880, 159, 12, 1),
(2881, 159, 13, 1),
(2882, 159, 14, 1),
(2883, 159, 15, 0),
(2884, 159, 16, 1),
(2885, 159, 17, 1),
(2886, 159, 18, 1),
(2887, 159, 19, 1),
(2888, 159, 20, 1),
(2889, 160, 1, 0),
(2890, 160, 2, 1),
(2891, 160, 3, 1),
(2892, 160, 4, 1),
(2893, 160, 5, 1),
(2894, 160, 6, 1),
(2895, 160, 7, 1),
(2896, 160, 8, 0),
(2897, 160, 9, 0),
(2898, 160, 10, 0),
(2899, 160, 11, 1),
(2900, 160, 12, 1),
(2901, 160, 13, 1),
(2902, 160, 14, 0),
(2903, 160, 15, 0),
(2904, 160, 16, 1),
(2905, 160, 17, 1),
(2906, 160, 18, 1),
(2907, 160, 19, 0),
(2908, 160, 20, 1),
(2909, 161, 71, 1),
(2910, 161, 72, 1),
(2911, 161, 73, 1),
(2912, 161, 74, 1),
(2913, 161, 75, 0),
(2914, 161, 76, 0),
(2915, 161, 77, 1),
(2916, 161, 78, 0),
(2917, 161, 79, 1),
(2918, 161, 80, 1),
(2919, 161, 81, 1),
(2920, 161, 82, 1),
(2921, 161, 83, 1),
(2922, 161, 84, 0),
(2923, 161, 85, 1),
(2924, 161, 86, 0),
(2925, 161, 87, 0),
(2926, 161, 88, 1),
(2927, 161, 89, 1),
(2928, 161, 90, 1),
(2929, 161, 91, 0),
(2930, 161, 92, 1),
(2931, 161, 93, 0),
(2932, 161, 94, 0);
INSERT INTO `showtime_seat` (`id`, `showtime_id`, `seat_id`, `is_available`) VALUES
(2933, 162, 21, 1),
(2934, 162, 22, 1),
(2935, 162, 23, 1),
(2936, 162, 24, 1),
(2937, 162, 25, 1),
(2938, 162, 26, 0),
(2939, 162, 27, 0),
(2940, 162, 28, 1),
(2941, 162, 29, 0),
(2942, 162, 30, 1),
(2943, 162, 31, 1),
(2944, 162, 32, 0),
(2945, 162, 33, 1),
(2946, 162, 34, 1),
(2947, 162, 35, 1),
(2948, 162, 36, 1),
(2949, 162, 37, 1),
(2950, 162, 38, 0),
(2951, 162, 39, 0),
(2952, 162, 40, 1),
(2953, 163, 41, 1),
(2954, 163, 42, 1),
(2955, 163, 43, 1),
(2956, 163, 44, 1),
(2957, 163, 45, 0),
(2958, 163, 46, 1),
(2959, 163, 47, 1),
(2960, 163, 48, 1),
(2961, 163, 49, 1),
(2962, 163, 50, 1),
(2963, 163, 51, 1),
(2964, 163, 52, 1),
(2965, 163, 53, 1),
(2966, 163, 54, 1),
(2967, 163, 55, 0),
(2968, 163, 56, 1),
(2969, 163, 57, 1),
(2970, 163, 58, 1),
(2971, 163, 59, 0),
(2972, 163, 60, 1),
(2973, 163, 61, 1),
(2974, 163, 62, 1),
(2975, 163, 63, 0),
(2976, 163, 64, 1),
(2977, 163, 65, 1),
(2978, 163, 66, 1),
(2979, 163, 67, 0),
(2980, 163, 68, 1),
(2981, 163, 69, 1),
(2982, 163, 70, 1),
(2983, 164, 95, 1),
(2984, 164, 96, 0),
(2985, 164, 97, 1),
(2986, 164, 98, 0),
(2987, 164, 99, 1),
(2988, 164, 100, 0),
(2989, 164, 101, 0),
(2990, 164, 102, 1),
(2991, 164, 103, 0),
(2992, 164, 104, 0),
(2993, 165, 1, 1),
(2994, 165, 2, 0),
(2995, 165, 3, 1),
(2996, 165, 4, 1),
(2997, 165, 5, 0),
(2998, 165, 6, 0),
(2999, 165, 7, 1),
(3000, 165, 8, 1),
(3001, 165, 9, 1),
(3002, 165, 10, 0),
(3003, 165, 11, 1),
(3004, 165, 12, 1),
(3005, 165, 13, 0),
(3006, 165, 14, 1),
(3007, 165, 15, 1),
(3008, 165, 16, 1),
(3009, 165, 17, 1),
(3010, 165, 18, 0),
(3011, 165, 19, 1),
(3012, 165, 20, 0),
(3013, 166, 71, 1),
(3014, 166, 72, 1),
(3015, 166, 73, 1),
(3016, 166, 74, 1),
(3017, 166, 75, 0),
(3018, 166, 76, 1),
(3019, 166, 77, 1),
(3020, 166, 78, 1),
(3021, 166, 79, 0),
(3022, 166, 80, 1),
(3023, 166, 81, 1),
(3024, 166, 82, 1),
(3025, 166, 83, 1),
(3026, 166, 84, 0),
(3027, 166, 85, 1),
(3028, 166, 86, 1),
(3029, 166, 87, 0),
(3030, 166, 88, 1),
(3031, 166, 89, 1),
(3032, 166, 90, 0),
(3033, 166, 91, 1),
(3034, 166, 92, 1),
(3035, 166, 93, 1),
(3036, 166, 94, 1),
(3037, 167, 41, 1),
(3038, 167, 42, 1),
(3039, 167, 43, 1),
(3040, 167, 44, 1),
(3041, 167, 45, 1),
(3042, 167, 46, 0),
(3043, 167, 47, 1),
(3044, 167, 48, 1),
(3045, 167, 49, 1),
(3046, 167, 50, 1),
(3047, 167, 51, 1),
(3048, 167, 52, 1),
(3049, 167, 53, 1),
(3050, 167, 54, 1),
(3051, 167, 55, 1),
(3052, 167, 56, 1),
(3053, 167, 57, 1),
(3054, 167, 58, 1),
(3055, 167, 59, 1),
(3056, 167, 60, 1),
(3057, 167, 61, 0),
(3058, 167, 62, 1),
(3059, 167, 63, 0),
(3060, 167, 64, 1),
(3061, 167, 65, 1),
(3062, 167, 66, 1),
(3063, 167, 67, 1),
(3064, 167, 68, 0),
(3065, 167, 69, 1),
(3066, 167, 70, 1),
(3067, 168, 95, 0),
(3068, 168, 96, 0),
(3069, 168, 97, 0),
(3070, 168, 98, 0),
(3071, 168, 99, 1),
(3072, 168, 100, 1),
(3073, 168, 101, 0),
(3074, 168, 102, 1),
(3075, 168, 103, 1),
(3076, 168, 104, 0),
(3077, 169, 1, 1),
(3078, 169, 2, 0),
(3079, 169, 3, 1),
(3080, 169, 4, 1),
(3081, 169, 5, 1),
(3082, 169, 6, 1),
(3083, 169, 7, 1),
(3084, 169, 8, 0),
(3085, 169, 9, 1),
(3086, 169, 10, 1),
(3087, 169, 11, 1),
(3088, 169, 12, 0),
(3089, 169, 13, 0),
(3090, 169, 14, 1),
(3091, 169, 15, 0),
(3092, 169, 16, 1),
(3093, 169, 17, 0),
(3094, 169, 18, 1),
(3095, 169, 19, 1),
(3096, 169, 20, 1),
(3097, 170, 71, 1),
(3098, 170, 72, 1),
(3099, 170, 73, 1),
(3100, 170, 74, 0),
(3101, 170, 75, 1),
(3102, 170, 76, 1),
(3103, 170, 77, 1),
(3104, 170, 78, 1),
(3105, 170, 79, 0),
(3106, 170, 80, 0),
(3107, 170, 81, 1),
(3108, 170, 82, 0),
(3109, 170, 83, 1),
(3110, 170, 84, 1),
(3111, 170, 85, 0),
(3112, 170, 86, 1),
(3113, 170, 87, 0),
(3114, 170, 88, 0),
(3115, 170, 89, 1),
(3116, 170, 90, 0),
(3117, 170, 91, 0),
(3118, 170, 92, 1),
(3119, 170, 93, 0),
(3120, 170, 94, 1),
(3121, 171, 21, 1),
(3122, 171, 22, 0),
(3123, 171, 23, 1),
(3124, 171, 24, 1),
(3125, 171, 25, 0),
(3126, 171, 26, 1),
(3127, 171, 27, 1),
(3128, 171, 28, 1),
(3129, 171, 29, 1),
(3130, 171, 30, 1),
(3131, 171, 31, 1),
(3132, 171, 32, 1),
(3133, 171, 33, 1),
(3134, 171, 34, 0),
(3135, 171, 35, 1),
(3136, 171, 36, 0),
(3137, 171, 37, 1),
(3138, 171, 38, 0),
(3139, 171, 39, 0),
(3140, 171, 40, 1),
(3141, 172, 41, 1),
(3142, 172, 42, 1),
(3143, 172, 43, 0),
(3144, 172, 44, 1),
(3145, 172, 45, 0),
(3146, 172, 46, 1),
(3147, 172, 47, 0),
(3148, 172, 48, 0),
(3149, 172, 49, 0),
(3150, 172, 50, 1),
(3151, 172, 51, 1),
(3152, 172, 52, 1),
(3153, 172, 53, 1),
(3154, 172, 54, 1),
(3155, 172, 55, 1),
(3156, 172, 56, 1),
(3157, 172, 57, 1),
(3158, 172, 58, 1),
(3159, 172, 59, 1),
(3160, 172, 60, 1),
(3161, 172, 61, 1),
(3162, 172, 62, 1),
(3163, 172, 63, 1),
(3164, 172, 64, 1),
(3165, 172, 65, 0),
(3166, 172, 66, 1),
(3167, 172, 67, 1),
(3168, 172, 68, 1),
(3169, 172, 69, 1),
(3170, 172, 70, 0),
(3171, 173, 95, 0),
(3172, 173, 96, 0),
(3173, 173, 97, 0),
(3174, 173, 98, 0),
(3175, 173, 99, 0),
(3176, 173, 100, 0),
(3177, 173, 101, 0),
(3178, 173, 102, 1),
(3179, 173, 103, 1),
(3180, 173, 104, 0),
(3181, 174, 1, 1),
(3182, 174, 2, 0),
(3183, 174, 3, 1),
(3184, 174, 4, 1),
(3185, 174, 5, 0),
(3186, 174, 6, 1),
(3187, 174, 7, 0),
(3188, 174, 8, 1),
(3189, 174, 9, 1),
(3190, 174, 10, 1),
(3191, 174, 11, 1),
(3192, 174, 12, 0),
(3193, 174, 13, 1),
(3194, 174, 14, 1),
(3195, 174, 15, 0),
(3196, 174, 16, 1),
(3197, 174, 17, 1),
(3198, 174, 18, 1),
(3199, 174, 19, 1),
(3200, 174, 20, 1),
(3201, 175, 71, 1),
(3202, 175, 72, 1),
(3203, 175, 73, 1),
(3204, 175, 74, 1),
(3205, 175, 75, 1),
(3206, 175, 76, 1),
(3207, 175, 77, 1),
(3208, 175, 78, 1),
(3209, 175, 79, 0),
(3210, 175, 80, 1),
(3211, 175, 81, 1),
(3212, 175, 82, 0),
(3213, 175, 83, 0),
(3214, 175, 84, 1),
(3215, 175, 85, 1),
(3216, 175, 86, 0),
(3217, 175, 87, 1),
(3218, 175, 88, 1),
(3219, 175, 89, 1),
(3220, 175, 90, 1),
(3221, 175, 91, 1),
(3222, 175, 92, 1),
(3223, 175, 93, 0),
(3224, 175, 94, 1),
(3225, 176, 21, 1),
(3226, 176, 22, 1),
(3227, 176, 23, 1),
(3228, 176, 24, 1),
(3229, 176, 25, 1),
(3230, 176, 26, 0),
(3231, 176, 27, 1),
(3232, 176, 28, 1),
(3233, 176, 29, 0),
(3234, 176, 30, 0),
(3235, 176, 31, 0),
(3236, 176, 32, 1),
(3237, 176, 33, 1),
(3238, 176, 34, 1),
(3239, 176, 35, 0),
(3240, 176, 36, 1),
(3241, 176, 37, 1),
(3242, 176, 38, 0),
(3243, 176, 39, 1),
(3244, 176, 40, 1),
(3245, 177, 21, 1),
(3246, 177, 22, 0),
(3247, 177, 23, 1),
(3248, 177, 24, 1),
(3249, 177, 25, 1),
(3250, 177, 26, 0),
(3251, 177, 27, 1),
(3252, 177, 28, 1),
(3253, 177, 29, 1),
(3254, 177, 30, 1),
(3255, 177, 31, 0),
(3256, 177, 32, 1),
(3257, 177, 33, 1),
(3258, 177, 34, 0),
(3259, 177, 35, 0),
(3260, 177, 36, 1),
(3261, 177, 37, 1),
(3262, 177, 38, 1),
(3263, 177, 39, 0),
(3264, 177, 40, 1),
(3265, 178, 71, 0),
(3266, 178, 72, 1),
(3267, 178, 73, 0),
(3268, 178, 74, 0),
(3269, 178, 75, 1),
(3270, 178, 76, 0),
(3271, 178, 77, 1),
(3272, 178, 78, 1),
(3273, 178, 79, 1),
(3274, 178, 80, 1),
(3275, 178, 81, 0),
(3276, 178, 82, 1),
(3277, 178, 83, 1),
(3278, 178, 84, 0),
(3279, 178, 85, 0),
(3280, 178, 86, 1),
(3281, 178, 87, 1),
(3282, 178, 88, 1),
(3283, 178, 89, 1),
(3284, 178, 90, 1),
(3285, 178, 91, 1),
(3286, 178, 92, 0),
(3287, 178, 93, 1),
(3288, 178, 94, 1),
(3289, 179, 95, 1),
(3290, 179, 96, 1),
(3291, 179, 97, 0),
(3292, 179, 98, 1),
(3293, 179, 99, 1),
(3294, 179, 100, 0),
(3295, 179, 101, 1),
(3296, 179, 102, 0),
(3297, 179, 103, 1),
(3298, 179, 104, 0),
(3299, 180, 1, 1),
(3300, 180, 2, 1),
(3301, 180, 3, 1),
(3302, 180, 4, 0),
(3303, 180, 5, 1),
(3304, 180, 6, 1),
(3305, 180, 7, 0),
(3306, 180, 8, 1),
(3307, 180, 9, 1),
(3308, 180, 10, 1),
(3309, 180, 11, 1),
(3310, 180, 12, 0),
(3311, 180, 13, 1),
(3312, 180, 14, 1),
(3313, 180, 15, 1),
(3314, 180, 16, 1),
(3315, 180, 17, 1),
(3316, 180, 18, 1),
(3317, 180, 19, 1),
(3318, 180, 20, 1),
(3319, 181, 41, 1),
(3320, 181, 42, 0),
(3321, 181, 43, 1),
(3322, 181, 44, 1),
(3323, 181, 45, 1),
(3324, 181, 46, 1),
(3325, 181, 47, 0),
(3326, 181, 48, 1),
(3327, 181, 49, 1),
(3328, 181, 50, 0),
(3329, 181, 51, 1),
(3330, 181, 52, 1),
(3331, 181, 53, 1),
(3332, 181, 54, 0),
(3333, 181, 55, 1),
(3334, 181, 56, 1),
(3335, 181, 57, 1),
(3336, 181, 58, 0),
(3337, 181, 59, 0),
(3338, 181, 60, 1),
(3339, 181, 61, 1),
(3340, 181, 62, 0),
(3341, 181, 63, 0),
(3342, 181, 64, 0),
(3343, 181, 65, 1),
(3344, 181, 66, 0),
(3345, 181, 67, 1),
(3346, 181, 68, 1),
(3347, 181, 69, 0),
(3348, 181, 70, 1),
(3349, 182, 21, 1),
(3350, 182, 22, 1),
(3351, 182, 23, 1),
(3352, 182, 24, 0),
(3353, 182, 25, 1),
(3354, 182, 26, 1),
(3355, 182, 27, 1),
(3356, 182, 28, 0),
(3357, 182, 29, 1),
(3358, 182, 30, 1),
(3359, 182, 31, 1),
(3360, 182, 32, 1),
(3361, 182, 33, 1),
(3362, 182, 34, 1),
(3363, 182, 35, 1),
(3364, 182, 36, 0),
(3365, 182, 37, 1),
(3366, 182, 38, 1),
(3367, 182, 39, 1),
(3368, 182, 40, 0),
(3369, 183, 71, 1),
(3370, 183, 72, 1),
(3371, 183, 73, 0),
(3372, 183, 74, 0),
(3373, 183, 75, 1),
(3374, 183, 76, 1),
(3375, 183, 77, 1),
(3376, 183, 78, 1),
(3377, 183, 79, 0),
(3378, 183, 80, 0),
(3379, 183, 81, 1),
(3380, 183, 82, 0),
(3381, 183, 83, 1),
(3382, 183, 84, 0),
(3383, 183, 85, 0),
(3384, 183, 86, 1),
(3385, 183, 87, 0),
(3386, 183, 88, 1),
(3387, 183, 89, 0),
(3388, 183, 90, 0),
(3389, 183, 91, 0),
(3390, 183, 92, 1),
(3391, 183, 93, 0),
(3392, 183, 94, 1),
(3393, 184, 95, 0),
(3394, 184, 96, 1),
(3395, 184, 97, 0),
(3396, 184, 98, 1),
(3397, 184, 99, 0),
(3398, 184, 100, 0),
(3399, 184, 101, 1),
(3400, 184, 102, 0),
(3401, 184, 103, 1),
(3402, 184, 104, 1),
(3403, 185, 1, 1),
(3404, 185, 2, 1),
(3405, 185, 3, 1),
(3406, 185, 4, 1),
(3407, 185, 5, 1),
(3408, 185, 6, 1),
(3409, 185, 7, 0),
(3410, 185, 8, 0),
(3411, 185, 9, 1),
(3412, 185, 10, 1),
(3413, 185, 11, 1),
(3414, 185, 12, 1),
(3415, 185, 13, 1),
(3416, 185, 14, 1),
(3417, 185, 15, 1),
(3418, 185, 16, 1),
(3419, 185, 17, 1),
(3420, 185, 18, 1),
(3421, 185, 19, 0),
(3422, 185, 20, 1),
(3423, 186, 41, 1),
(3424, 186, 42, 1),
(3425, 186, 43, 1),
(3426, 186, 44, 1),
(3427, 186, 45, 1),
(3428, 186, 46, 0),
(3429, 186, 47, 1),
(3430, 186, 48, 1),
(3431, 186, 49, 1),
(3432, 186, 50, 1),
(3433, 186, 51, 1),
(3434, 186, 52, 1),
(3435, 186, 53, 1),
(3436, 186, 54, 1),
(3437, 186, 55, 1),
(3438, 186, 56, 1),
(3439, 186, 57, 1),
(3440, 186, 58, 0),
(3441, 186, 59, 1),
(3442, 186, 60, 1),
(3443, 186, 61, 1),
(3444, 186, 62, 1),
(3445, 186, 63, 1),
(3446, 186, 64, 0),
(3447, 186, 65, 1),
(3448, 186, 66, 0),
(3449, 186, 67, 1),
(3450, 186, 68, 1),
(3451, 186, 69, 1),
(3452, 186, 70, 1),
(3453, 187, 71, 1),
(3454, 187, 72, 1),
(3455, 187, 73, 1),
(3456, 187, 74, 1),
(3457, 187, 75, 1),
(3458, 187, 76, 1),
(3459, 187, 77, 1),
(3460, 187, 78, 1),
(3461, 187, 79, 1),
(3462, 187, 80, 1),
(3463, 187, 81, 1),
(3464, 187, 82, 1),
(3465, 187, 83, 0),
(3466, 187, 84, 1),
(3467, 187, 85, 1),
(3468, 187, 86, 0),
(3469, 187, 87, 1),
(3470, 187, 88, 0),
(3471, 187, 89, 1),
(3472, 187, 90, 1),
(3473, 187, 91, 0),
(3474, 187, 92, 1),
(3475, 187, 93, 0),
(3476, 187, 94, 1),
(3477, 188, 21, 1),
(3478, 188, 22, 1),
(3479, 188, 23, 0),
(3480, 188, 24, 1),
(3481, 188, 25, 1),
(3482, 188, 26, 1),
(3483, 188, 27, 0),
(3484, 188, 28, 1),
(3485, 188, 29, 1),
(3486, 188, 30, 1),
(3487, 188, 31, 0),
(3488, 188, 32, 0),
(3489, 188, 33, 0),
(3490, 188, 34, 1),
(3491, 188, 35, 0),
(3492, 188, 36, 1),
(3493, 188, 37, 0),
(3494, 188, 38, 1),
(3495, 188, 39, 1),
(3496, 188, 40, 1),
(3497, 189, 95, 0),
(3498, 189, 96, 1),
(3499, 189, 97, 0),
(3500, 189, 98, 0),
(3501, 189, 99, 1),
(3502, 189, 100, 0),
(3503, 189, 101, 0),
(3504, 189, 102, 0),
(3505, 189, 103, 0),
(3506, 189, 104, 1),
(3507, 190, 1, 0),
(3508, 190, 2, 0),
(3509, 190, 3, 1),
(3510, 190, 4, 1),
(3511, 190, 5, 1),
(3512, 190, 6, 1),
(3513, 190, 7, 1),
(3514, 190, 8, 1),
(3515, 190, 9, 0),
(3516, 190, 10, 1),
(3517, 190, 11, 0),
(3518, 190, 12, 0),
(3519, 190, 13, 1),
(3520, 190, 14, 1),
(3521, 190, 15, 1),
(3522, 190, 16, 1),
(3523, 190, 17, 1),
(3524, 190, 18, 1),
(3525, 190, 19, 0),
(3526, 190, 20, 1),
(3527, 191, 41, 1),
(3528, 191, 42, 0),
(3529, 191, 43, 1),
(3530, 191, 44, 1),
(3531, 191, 45, 1),
(3532, 191, 46, 0),
(3533, 191, 47, 1),
(3534, 191, 48, 1),
(3535, 191, 49, 1),
(3536, 191, 50, 1),
(3537, 191, 51, 1),
(3538, 191, 52, 1),
(3539, 191, 53, 0),
(3540, 191, 54, 1),
(3541, 191, 55, 1),
(3542, 191, 56, 1),
(3543, 191, 57, 0),
(3544, 191, 58, 1),
(3545, 191, 59, 1),
(3546, 191, 60, 1),
(3547, 191, 61, 1),
(3548, 191, 62, 1),
(3549, 191, 63, 1),
(3550, 191, 64, 1),
(3551, 191, 65, 0),
(3552, 191, 66, 0),
(3553, 191, 67, 1),
(3554, 191, 68, 0),
(3555, 191, 69, 0),
(3556, 191, 70, 1),
(3557, 192, 71, 0),
(3558, 192, 72, 1),
(3559, 192, 73, 0),
(3560, 192, 74, 1),
(3561, 192, 75, 1),
(3562, 192, 76, 1),
(3563, 192, 77, 1),
(3564, 192, 78, 1),
(3565, 192, 79, 1),
(3566, 192, 80, 1),
(3567, 192, 81, 1),
(3568, 192, 82, 0),
(3569, 192, 83, 1),
(3570, 192, 84, 1),
(3571, 192, 85, 0),
(3572, 192, 86, 0),
(3573, 192, 87, 0),
(3574, 192, 88, 1),
(3575, 192, 89, 0),
(3576, 192, 90, 0),
(3577, 192, 91, 1),
(3578, 192, 92, 0),
(3579, 192, 93, 1),
(3580, 192, 94, 1),
(3581, 193, 21, 1),
(3582, 193, 22, 0),
(3583, 193, 23, 1),
(3584, 193, 24, 1),
(3585, 193, 25, 1),
(3586, 193, 26, 1),
(3587, 193, 27, 1),
(3588, 193, 28, 0),
(3589, 193, 29, 0),
(3590, 193, 30, 0),
(3591, 193, 31, 1),
(3592, 193, 32, 1),
(3593, 193, 33, 0),
(3594, 193, 34, 1),
(3595, 193, 35, 0),
(3596, 193, 36, 0),
(3597, 193, 37, 1),
(3598, 193, 38, 1),
(3599, 193, 39, 1),
(3600, 193, 40, 1),
(3601, 194, 21, 1),
(3602, 194, 22, 1),
(3603, 194, 23, 1),
(3604, 194, 24, 0),
(3605, 194, 25, 1),
(3606, 194, 26, 0),
(3607, 194, 27, 1),
(3608, 194, 28, 0),
(3609, 194, 29, 1),
(3610, 194, 30, 1),
(3611, 194, 31, 1),
(3612, 194, 32, 1),
(3613, 194, 33, 1),
(3614, 194, 34, 1),
(3615, 194, 35, 0),
(3616, 194, 36, 0),
(3617, 194, 37, 1),
(3618, 194, 38, 1),
(3619, 194, 39, 1),
(3620, 194, 40, 0),
(3621, 195, 95, 0),
(3622, 195, 96, 1),
(3623, 195, 97, 1),
(3624, 195, 98, 0),
(3625, 195, 99, 0),
(3626, 195, 100, 1),
(3627, 195, 101, 0),
(3628, 195, 102, 0),
(3629, 195, 103, 0),
(3630, 195, 104, 0),
(3631, 196, 41, 1),
(3632, 196, 42, 1),
(3633, 196, 43, 0),
(3634, 196, 44, 1),
(3635, 196, 45, 1),
(3636, 196, 46, 1),
(3637, 196, 47, 1),
(3638, 196, 48, 1),
(3639, 196, 49, 0),
(3640, 196, 50, 1),
(3641, 196, 51, 1),
(3642, 196, 52, 1),
(3643, 196, 53, 1),
(3644, 196, 54, 1),
(3645, 196, 55, 1),
(3646, 196, 56, 1),
(3647, 196, 57, 0),
(3648, 196, 58, 1),
(3649, 196, 59, 1),
(3650, 196, 60, 1),
(3651, 196, 61, 0),
(3652, 196, 62, 0),
(3653, 196, 63, 1),
(3654, 196, 64, 1),
(3655, 196, 65, 0),
(3656, 196, 66, 1),
(3657, 196, 67, 1),
(3658, 196, 68, 1),
(3659, 196, 69, 1),
(3660, 196, 70, 1),
(3661, 197, 1, 1),
(3662, 197, 2, 1),
(3663, 197, 3, 0),
(3664, 197, 4, 0),
(3665, 197, 5, 1),
(3666, 197, 6, 1),
(3667, 197, 7, 1),
(3668, 197, 8, 1),
(3669, 197, 9, 1),
(3670, 197, 10, 1),
(3671, 197, 11, 1),
(3672, 197, 12, 1),
(3673, 197, 13, 1),
(3674, 197, 14, 1),
(3675, 197, 15, 1),
(3676, 197, 16, 1),
(3677, 197, 17, 1),
(3678, 197, 18, 1),
(3679, 197, 19, 0),
(3680, 197, 20, 1),
(3681, 198, 71, 1),
(3682, 198, 72, 1),
(3683, 198, 73, 0),
(3684, 198, 74, 1),
(3685, 198, 75, 1),
(3686, 198, 76, 1),
(3687, 198, 77, 1),
(3688, 198, 78, 0),
(3689, 198, 79, 1),
(3690, 198, 80, 1),
(3691, 198, 81, 1),
(3692, 198, 82, 1),
(3693, 198, 83, 0),
(3694, 198, 84, 1),
(3695, 198, 85, 0),
(3696, 198, 86, 1),
(3697, 198, 87, 0),
(3698, 198, 88, 1),
(3699, 198, 89, 0),
(3700, 198, 90, 1),
(3701, 198, 91, 1),
(3702, 198, 92, 0),
(3703, 198, 93, 0),
(3704, 198, 94, 0),
(3705, 199, 21, 1),
(3706, 199, 22, 0),
(3707, 199, 23, 1),
(3708, 199, 24, 1),
(3709, 199, 25, 1),
(3710, 199, 26, 1),
(3711, 199, 27, 0),
(3712, 199, 28, 1),
(3713, 199, 29, 1),
(3714, 199, 30, 1),
(3715, 199, 31, 1),
(3716, 199, 32, 1),
(3717, 199, 33, 1),
(3718, 199, 34, 1),
(3719, 199, 35, 1),
(3720, 199, 36, 1),
(3721, 199, 37, 1),
(3722, 199, 38, 1),
(3723, 199, 39, 0),
(3724, 199, 40, 1),
(3725, 200, 95, 1),
(3726, 200, 96, 0),
(3727, 200, 97, 0),
(3728, 200, 98, 0),
(3729, 200, 99, 1),
(3730, 200, 100, 1),
(3731, 200, 101, 0),
(3732, 200, 102, 0),
(3733, 200, 103, 1),
(3734, 200, 104, 1),
(3735, 201, 41, 1),
(3736, 201, 42, 1),
(3737, 201, 43, 1),
(3738, 201, 44, 0),
(3739, 201, 45, 0),
(3740, 201, 46, 1),
(3741, 201, 47, 0),
(3742, 201, 48, 0),
(3743, 201, 49, 1),
(3744, 201, 50, 1),
(3745, 201, 51, 1),
(3746, 201, 52, 0),
(3747, 201, 53, 0),
(3748, 201, 54, 1),
(3749, 201, 55, 1),
(3750, 201, 56, 0),
(3751, 201, 57, 1),
(3752, 201, 58, 1),
(3753, 201, 59, 0),
(3754, 201, 60, 1),
(3755, 201, 61, 1),
(3756, 201, 62, 1),
(3757, 201, 63, 1),
(3758, 201, 64, 0),
(3759, 201, 65, 1),
(3760, 201, 66, 0),
(3761, 201, 67, 0),
(3762, 201, 68, 1),
(3763, 201, 69, 1),
(3764, 201, 70, 1),
(3765, 202, 1, 1),
(3766, 202, 2, 1),
(3767, 202, 3, 0),
(3768, 202, 4, 1),
(3769, 202, 5, 1),
(3770, 202, 6, 1),
(3771, 202, 7, 0),
(3772, 202, 8, 1),
(3773, 202, 9, 0),
(3774, 202, 10, 1),
(3775, 202, 11, 1),
(3776, 202, 12, 1),
(3777, 202, 13, 0),
(3778, 202, 14, 1),
(3779, 202, 15, 1),
(3780, 202, 16, 0),
(3781, 202, 17, 1),
(3782, 202, 18, 1),
(3783, 202, 19, 1),
(3784, 202, 20, 1),
(4103, 203, 1, 1),
(4104, 203, 2, 1),
(4105, 203, 3, 1),
(4106, 203, 4, 1),
(4107, 203, 5, 1),
(4108, 203, 6, 1),
(4109, 203, 7, 1),
(4110, 203, 8, 1),
(4111, 203, 9, 1),
(4112, 203, 10, 1),
(4113, 203, 11, 1),
(4114, 203, 12, 1),
(4115, 203, 13, 1),
(4116, 203, 14, 1),
(4117, 203, 15, 1),
(4118, 203, 16, 1),
(4119, 203, 17, 1),
(4120, 203, 18, 1),
(4121, 203, 19, 1),
(4122, 203, 20, 1),
(4134, 204, 1, 1),
(4135, 204, 2, 1),
(4136, 204, 3, 1),
(4137, 204, 4, 1),
(4138, 204, 5, 1),
(4139, 204, 6, 1),
(4140, 204, 7, 1),
(4141, 204, 8, 1),
(4142, 204, 9, 1),
(4143, 204, 10, 1),
(4144, 204, 11, 1),
(4145, 204, 12, 1),
(4146, 204, 13, 1),
(4147, 204, 14, 1),
(4148, 204, 15, 1),
(4149, 204, 16, 1),
(4150, 204, 17, 1),
(4151, 204, 18, 1),
(4152, 204, 19, 1),
(4153, 204, 20, 1),
(4165, 205, 1, 1),
(4166, 205, 2, 1),
(4167, 205, 3, 1),
(4168, 205, 4, 1),
(4169, 205, 5, 1),
(4170, 205, 6, 1),
(4171, 205, 7, 1),
(4172, 205, 8, 1),
(4173, 205, 9, 1),
(4174, 205, 10, 1),
(4175, 205, 11, 1),
(4176, 205, 12, 1),
(4177, 205, 13, 1),
(4178, 205, 14, 1),
(4179, 205, 15, 1),
(4180, 205, 16, 1),
(4181, 205, 17, 1),
(4182, 205, 18, 1),
(4183, 205, 19, 1),
(4184, 205, 20, 1),
(4196, 206, 1, 1),
(4197, 206, 2, 1),
(4198, 206, 3, 1),
(4199, 206, 4, 1),
(4200, 206, 5, 1),
(4201, 206, 6, 1),
(4202, 206, 7, 1),
(4203, 206, 8, 1),
(4204, 206, 9, 1),
(4205, 206, 10, 1),
(4206, 206, 11, 1),
(4207, 206, 12, 1),
(4208, 206, 13, 1),
(4209, 206, 14, 1),
(4210, 206, 15, 1),
(4211, 206, 16, 1),
(4212, 206, 17, 1),
(4213, 206, 18, 1),
(4214, 206, 19, 1),
(4215, 206, 20, 1),
(4227, 207, 1, 1),
(4228, 207, 2, 1),
(4229, 207, 3, 1),
(4230, 207, 4, 1),
(4231, 207, 5, 1),
(4232, 207, 6, 1),
(4233, 207, 7, 1),
(4234, 207, 8, 1),
(4235, 207, 9, 1),
(4236, 207, 10, 1),
(4237, 207, 11, 1),
(4238, 207, 12, 1),
(4239, 207, 13, 1),
(4240, 207, 14, 1),
(4241, 207, 15, 1),
(4242, 207, 16, 1),
(4243, 207, 17, 1),
(4244, 207, 18, 1),
(4245, 207, 19, 1),
(4246, 207, 20, 1),
(4258, 208, 1, 1),
(4259, 208, 2, 1),
(4260, 208, 3, 1),
(4261, 208, 4, 1),
(4262, 208, 5, 1),
(4263, 208, 6, 1),
(4264, 208, 7, 1),
(4265, 208, 8, 1),
(4266, 208, 9, 1),
(4267, 208, 10, 1),
(4268, 208, 11, 1),
(4269, 208, 12, 1),
(4270, 208, 13, 1),
(4271, 208, 14, 1),
(4272, 208, 15, 1),
(4273, 208, 16, 1),
(4274, 208, 17, 1),
(4275, 208, 18, 1),
(4276, 208, 19, 1),
(4277, 208, 20, 1),
(4289, 209, 1, 1),
(4290, 209, 2, 1),
(4291, 209, 3, 1),
(4292, 209, 4, 1),
(4293, 209, 5, 1),
(4294, 209, 6, 1),
(4295, 209, 7, 1),
(4296, 209, 8, 1),
(4297, 209, 9, 1),
(4298, 209, 10, 1),
(4299, 209, 11, 1),
(4300, 209, 12, 1),
(4301, 209, 13, 1),
(4302, 209, 14, 1),
(4303, 209, 15, 1),
(4304, 209, 16, 1),
(4305, 209, 17, 1),
(4306, 209, 18, 1),
(4307, 209, 19, 1),
(4308, 209, 20, 1),
(4320, 210, 1, 1),
(4321, 210, 2, 1),
(4322, 210, 3, 1),
(4323, 210, 4, 1),
(4324, 210, 5, 1),
(4325, 210, 6, 1),
(4326, 210, 7, 1),
(4327, 210, 8, 1),
(4328, 210, 9, 1),
(4329, 210, 10, 1),
(4330, 210, 11, 1),
(4331, 210, 12, 1),
(4332, 210, 13, 1),
(4333, 210, 14, 1),
(4334, 210, 15, 1),
(4335, 210, 16, 1),
(4336, 210, 17, 1),
(4337, 210, 18, 1),
(4338, 210, 19, 1),
(4339, 210, 20, 1),
(4351, 211, 1, 1),
(4352, 211, 2, 1),
(4353, 211, 3, 1),
(4354, 211, 4, 1),
(4355, 211, 5, 1),
(4356, 211, 6, 1),
(4357, 211, 7, 1),
(4358, 211, 8, 1),
(4359, 211, 9, 1),
(4360, 211, 10, 1),
(4361, 211, 11, 1),
(4362, 211, 12, 1),
(4363, 211, 13, 1),
(4364, 211, 14, 1),
(4365, 211, 15, 1),
(4366, 211, 16, 1),
(4367, 211, 17, 1),
(4368, 211, 18, 1),
(4369, 211, 19, 1),
(4370, 211, 20, 1),
(4382, 212, 1, 1),
(4383, 212, 2, 1),
(4384, 212, 3, 1),
(4385, 212, 4, 1),
(4386, 212, 5, 1),
(4387, 212, 6, 1),
(4388, 212, 7, 1),
(4389, 212, 8, 1),
(4390, 212, 9, 1),
(4391, 212, 10, 1),
(4392, 212, 11, 1),
(4393, 212, 12, 1),
(4394, 212, 13, 1),
(4395, 212, 14, 1),
(4396, 212, 15, 1),
(4397, 212, 16, 1),
(4398, 212, 17, 1),
(4399, 212, 18, 1),
(4400, 212, 19, 1),
(4401, 212, 20, 1),
(4413, 213, 1, 1),
(4414, 213, 2, 1),
(4415, 213, 3, 1),
(4416, 213, 4, 1),
(4417, 213, 5, 1),
(4418, 213, 6, 1),
(4419, 213, 7, 1),
(4420, 213, 8, 1),
(4421, 213, 9, 1),
(4422, 213, 10, 1),
(4423, 213, 11, 1),
(4424, 213, 12, 1),
(4425, 213, 13, 1),
(4426, 213, 14, 1),
(4427, 213, 15, 1),
(4428, 213, 16, 1),
(4429, 213, 17, 1),
(4430, 213, 18, 1),
(4431, 213, 19, 1),
(4432, 213, 20, 1),
(4444, 214, 1, 1),
(4445, 214, 2, 1),
(4446, 214, 3, 1),
(4447, 214, 4, 1),
(4448, 214, 5, 1),
(4449, 214, 6, 1),
(4450, 214, 7, 1),
(4451, 214, 8, 1),
(4452, 214, 9, 1),
(4453, 214, 10, 1),
(4454, 214, 11, 1),
(4455, 214, 12, 1),
(4456, 214, 13, 1),
(4457, 214, 14, 1),
(4458, 214, 15, 1),
(4459, 214, 16, 1),
(4460, 214, 17, 1),
(4461, 214, 18, 1),
(4462, 214, 19, 1),
(4463, 214, 20, 1),
(4475, 215, 1, 1),
(4476, 215, 2, 1),
(4477, 215, 3, 1),
(4478, 215, 4, 1),
(4479, 215, 5, 1),
(4480, 215, 6, 1),
(4481, 215, 7, 1),
(4482, 215, 8, 1),
(4483, 215, 9, 1),
(4484, 215, 10, 1),
(4485, 215, 11, 1),
(4486, 215, 12, 1),
(4487, 215, 13, 1),
(4488, 215, 14, 1),
(4489, 215, 15, 1),
(4490, 215, 16, 1),
(4491, 215, 17, 1),
(4492, 215, 18, 1),
(4493, 215, 19, 1),
(4494, 215, 20, 1),
(4506, 216, 1, 1),
(4507, 216, 2, 1),
(4508, 216, 3, 1),
(4509, 216, 4, 1),
(4510, 216, 5, 1),
(4511, 216, 6, 1),
(4512, 216, 7, 1),
(4513, 216, 8, 1),
(4514, 216, 9, 1),
(4515, 216, 10, 1),
(4516, 216, 11, 1),
(4517, 216, 12, 1),
(4518, 216, 13, 1),
(4519, 216, 14, 1),
(4520, 216, 15, 1),
(4521, 216, 16, 1),
(4522, 216, 17, 1),
(4523, 216, 18, 1),
(4524, 216, 19, 1),
(4525, 216, 20, 1),
(4537, 217, 1, 1),
(4538, 217, 2, 1),
(4539, 217, 3, 1),
(4540, 217, 4, 1),
(4541, 217, 5, 1),
(4542, 217, 6, 1),
(4543, 217, 7, 1),
(4544, 217, 8, 1),
(4545, 217, 9, 1),
(4546, 217, 10, 1),
(4547, 217, 11, 1),
(4548, 217, 12, 1),
(4549, 217, 13, 1),
(4550, 217, 14, 1),
(4551, 217, 15, 1),
(4552, 217, 16, 1),
(4553, 217, 17, 1),
(4554, 217, 18, 1),
(4555, 217, 19, 1),
(4556, 217, 20, 1),
(4568, 218, 1, 1),
(4569, 218, 2, 1),
(4570, 218, 3, 1),
(4571, 218, 4, 1),
(4572, 218, 5, 1),
(4573, 218, 6, 1),
(4574, 218, 7, 1),
(4575, 218, 8, 1),
(4576, 218, 9, 1),
(4577, 218, 10, 1),
(4578, 218, 11, 1),
(4579, 218, 12, 1),
(4580, 218, 13, 1),
(4581, 218, 14, 1),
(4582, 218, 15, 1),
(4583, 218, 16, 1),
(4584, 218, 17, 1),
(4585, 218, 18, 1),
(4586, 218, 19, 1),
(4587, 218, 20, 1),
(4599, 219, 1, 1),
(4600, 219, 2, 1),
(4601, 219, 3, 1),
(4602, 219, 4, 1),
(4603, 219, 5, 1),
(4604, 219, 6, 1),
(4605, 219, 7, 1),
(4606, 219, 8, 1),
(4607, 219, 9, 1),
(4608, 219, 10, 1),
(4609, 219, 11, 1),
(4610, 219, 12, 1),
(4611, 219, 13, 1),
(4612, 219, 14, 1),
(4613, 219, 15, 1),
(4614, 219, 16, 1),
(4615, 219, 17, 1),
(4616, 219, 18, 1),
(4617, 219, 19, 1),
(4618, 219, 20, 1),
(4630, 220, 1, 1),
(4631, 220, 2, 1),
(4632, 220, 3, 1),
(4633, 220, 4, 1),
(4634, 220, 5, 1),
(4635, 220, 6, 1),
(4636, 220, 7, 1),
(4637, 220, 8, 1),
(4638, 220, 9, 1),
(4639, 220, 10, 1),
(4640, 220, 11, 1),
(4641, 220, 12, 1),
(4642, 220, 13, 1),
(4643, 220, 14, 1),
(4644, 220, 15, 1),
(4645, 220, 16, 1),
(4646, 220, 17, 1),
(4647, 220, 18, 1),
(4648, 220, 19, 1),
(4649, 220, 20, 1),
(4661, 221, 1, 1),
(4662, 221, 2, 1),
(4663, 221, 3, 1),
(4664, 221, 4, 1),
(4665, 221, 5, 1),
(4666, 221, 6, 1),
(4667, 221, 7, 1),
(4668, 221, 8, 1),
(4669, 221, 9, 1),
(4670, 221, 10, 1),
(4671, 221, 11, 1),
(4672, 221, 12, 1),
(4673, 221, 13, 1),
(4674, 221, 14, 1),
(4675, 221, 15, 1),
(4676, 221, 16, 1),
(4677, 221, 17, 1),
(4678, 221, 18, 1),
(4679, 221, 19, 1),
(4680, 221, 20, 1),
(4692, 222, 1, 1),
(4693, 222, 2, 1),
(4694, 222, 3, 1),
(4695, 222, 4, 1),
(4696, 222, 5, 1),
(4697, 222, 6, 1),
(4698, 222, 7, 1),
(4699, 222, 8, 1),
(4700, 222, 9, 1),
(4701, 222, 10, 1),
(4702, 222, 11, 1),
(4703, 222, 12, 1),
(4704, 222, 13, 1),
(4705, 222, 14, 1),
(4706, 222, 15, 1),
(4707, 222, 16, 1),
(4708, 222, 17, 1),
(4709, 222, 18, 1),
(4710, 222, 19, 1),
(4711, 222, 20, 1),
(4723, 223, 1, 1),
(4724, 223, 2, 1),
(4725, 223, 3, 1),
(4726, 223, 4, 1),
(4727, 223, 5, 1),
(4728, 223, 6, 1),
(4729, 223, 7, 1),
(4730, 223, 8, 1),
(4731, 223, 9, 1),
(4732, 223, 10, 1),
(4733, 223, 11, 1),
(4734, 223, 12, 1),
(4735, 223, 13, 1),
(4736, 223, 14, 1),
(4737, 223, 15, 1),
(4738, 223, 16, 1),
(4739, 223, 17, 1),
(4740, 223, 18, 1),
(4741, 223, 19, 1),
(4742, 223, 20, 1),
(4754, 224, 21, 1),
(4755, 224, 22, 1),
(4756, 224, 23, 1),
(4757, 224, 24, 1),
(4758, 224, 25, 1),
(4759, 224, 26, 1),
(4760, 224, 27, 1),
(4761, 224, 28, 1),
(4762, 224, 29, 1),
(4763, 224, 30, 1),
(4764, 224, 31, 1),
(4765, 224, 32, 1),
(4766, 224, 33, 1),
(4767, 224, 34, 1),
(4768, 224, 35, 1),
(4769, 224, 36, 1),
(4770, 224, 37, 1),
(4771, 224, 38, 1),
(4772, 224, 39, 1),
(4773, 224, 40, 1),
(4785, 225, 21, 1),
(4786, 225, 22, 1),
(4787, 225, 23, 1),
(4788, 225, 24, 1),
(4789, 225, 25, 1),
(4790, 225, 26, 1),
(4791, 225, 27, 1),
(4792, 225, 28, 1),
(4793, 225, 29, 1),
(4794, 225, 30, 1),
(4795, 225, 31, 1),
(4796, 225, 32, 1),
(4797, 225, 33, 1),
(4798, 225, 34, 1),
(4799, 225, 35, 1),
(4800, 225, 36, 1),
(4801, 225, 37, 1),
(4802, 225, 38, 1),
(4803, 225, 39, 1),
(4804, 225, 40, 1),
(4816, 226, 21, 1),
(4817, 226, 22, 1),
(4818, 226, 23, 1),
(4819, 226, 24, 1),
(4820, 226, 25, 1),
(4821, 226, 26, 1),
(4822, 226, 27, 1),
(4823, 226, 28, 1),
(4824, 226, 29, 1),
(4825, 226, 30, 1),
(4826, 226, 31, 1),
(4827, 226, 32, 1),
(4828, 226, 33, 1),
(4829, 226, 34, 1),
(4830, 226, 35, 1),
(4831, 226, 36, 1),
(4832, 226, 37, 1),
(4833, 226, 38, 1),
(4834, 226, 39, 1),
(4835, 226, 40, 1),
(4847, 227, 21, 1),
(4848, 227, 22, 1),
(4849, 227, 23, 1),
(4850, 227, 24, 1),
(4851, 227, 25, 1),
(4852, 227, 26, 1),
(4853, 227, 27, 1),
(4854, 227, 28, 1),
(4855, 227, 29, 1),
(4856, 227, 30, 1),
(4857, 227, 31, 1),
(4858, 227, 32, 1),
(4859, 227, 33, 1),
(4860, 227, 34, 1),
(4861, 227, 35, 1),
(4862, 227, 36, 1),
(4863, 227, 37, 1),
(4864, 227, 38, 1),
(4865, 227, 39, 1),
(4866, 227, 40, 1),
(4878, 228, 21, 1),
(4879, 228, 22, 1),
(4880, 228, 23, 1),
(4881, 228, 24, 1),
(4882, 228, 25, 1),
(4883, 228, 26, 1),
(4884, 228, 27, 1),
(4885, 228, 28, 1),
(4886, 228, 29, 1),
(4887, 228, 30, 1),
(4888, 228, 31, 1),
(4889, 228, 32, 1),
(4890, 228, 33, 1),
(4891, 228, 34, 1),
(4892, 228, 35, 1),
(4893, 228, 36, 1),
(4894, 228, 37, 1),
(4895, 228, 38, 1),
(4896, 228, 39, 1),
(4897, 228, 40, 1),
(4909, 229, 21, 1),
(4910, 229, 22, 1),
(4911, 229, 23, 1),
(4912, 229, 24, 1),
(4913, 229, 25, 1),
(4914, 229, 26, 1),
(4915, 229, 27, 1),
(4916, 229, 28, 1),
(4917, 229, 29, 1),
(4918, 229, 30, 1),
(4919, 229, 31, 1),
(4920, 229, 32, 1),
(4921, 229, 33, 1),
(4922, 229, 34, 1),
(4923, 229, 35, 1),
(4924, 229, 36, 1),
(4925, 229, 37, 1),
(4926, 229, 38, 1),
(4927, 229, 39, 1),
(4928, 229, 40, 1),
(4940, 230, 21, 1),
(4941, 230, 22, 1),
(4942, 230, 23, 1),
(4943, 230, 24, 1),
(4944, 230, 25, 1),
(4945, 230, 26, 1),
(4946, 230, 27, 1),
(4947, 230, 28, 1),
(4948, 230, 29, 1),
(4949, 230, 30, 1),
(4950, 230, 31, 1),
(4951, 230, 32, 1),
(4952, 230, 33, 1),
(4953, 230, 34, 1),
(4954, 230, 35, 1),
(4955, 230, 36, 1),
(4956, 230, 37, 1),
(4957, 230, 38, 1),
(4958, 230, 39, 1),
(4959, 230, 40, 1),
(4971, 231, 21, 1),
(4972, 231, 22, 1),
(4973, 231, 23, 1),
(4974, 231, 24, 1),
(4975, 231, 25, 1),
(4976, 231, 26, 1),
(4977, 231, 27, 1),
(4978, 231, 28, 1),
(4979, 231, 29, 1),
(4980, 231, 30, 1),
(4981, 231, 31, 1),
(4982, 231, 32, 1),
(4983, 231, 33, 1),
(4984, 231, 34, 1),
(4985, 231, 35, 1),
(4986, 231, 36, 1),
(4987, 231, 37, 1),
(4988, 231, 38, 1),
(4989, 231, 39, 1),
(4990, 231, 40, 1),
(5002, 232, 21, 1),
(5003, 232, 22, 1),
(5004, 232, 23, 1),
(5005, 232, 24, 1),
(5006, 232, 25, 1),
(5007, 232, 26, 1),
(5008, 232, 27, 1),
(5009, 232, 28, 1),
(5010, 232, 29, 1),
(5011, 232, 30, 1),
(5012, 232, 31, 1),
(5013, 232, 32, 1),
(5014, 232, 33, 1),
(5015, 232, 34, 1),
(5016, 232, 35, 1),
(5017, 232, 36, 1),
(5018, 232, 37, 1),
(5019, 232, 38, 1),
(5020, 232, 39, 1),
(5021, 232, 40, 1),
(5033, 233, 21, 1),
(5034, 233, 22, 1),
(5035, 233, 23, 1),
(5036, 233, 24, 1),
(5037, 233, 25, 1),
(5038, 233, 26, 1),
(5039, 233, 27, 1),
(5040, 233, 28, 1),
(5041, 233, 29, 1),
(5042, 233, 30, 1),
(5043, 233, 31, 1),
(5044, 233, 32, 1),
(5045, 233, 33, 1),
(5046, 233, 34, 1),
(5047, 233, 35, 1),
(5048, 233, 36, 1),
(5049, 233, 37, 1),
(5050, 233, 38, 1),
(5051, 233, 39, 1),
(5052, 233, 40, 1),
(5064, 234, 21, 1),
(5065, 234, 22, 1),
(5066, 234, 23, 1),
(5067, 234, 24, 1),
(5068, 234, 25, 1),
(5069, 234, 26, 1),
(5070, 234, 27, 1),
(5071, 234, 28, 1),
(5072, 234, 29, 1),
(5073, 234, 30, 1),
(5074, 234, 31, 1),
(5075, 234, 32, 1),
(5076, 234, 33, 1),
(5077, 234, 34, 1),
(5078, 234, 35, 1),
(5079, 234, 36, 1),
(5080, 234, 37, 1),
(5081, 234, 38, 1),
(5082, 234, 39, 1),
(5083, 234, 40, 1),
(5095, 235, 21, 1),
(5096, 235, 22, 1),
(5097, 235, 23, 1),
(5098, 235, 24, 1),
(5099, 235, 25, 1),
(5100, 235, 26, 1),
(5101, 235, 27, 1),
(5102, 235, 28, 1),
(5103, 235, 29, 1),
(5104, 235, 30, 1),
(5105, 235, 31, 1),
(5106, 235, 32, 1),
(5107, 235, 33, 1),
(5108, 235, 34, 1),
(5109, 235, 35, 1),
(5110, 235, 36, 1),
(5111, 235, 37, 1),
(5112, 235, 38, 1),
(5113, 235, 39, 1),
(5114, 235, 40, 1),
(5126, 236, 21, 1),
(5127, 236, 22, 1),
(5128, 236, 23, 1),
(5129, 236, 24, 1),
(5130, 236, 25, 1),
(5131, 236, 26, 1),
(5132, 236, 27, 1),
(5133, 236, 28, 1),
(5134, 236, 29, 1),
(5135, 236, 30, 1),
(5136, 236, 31, 1),
(5137, 236, 32, 1),
(5138, 236, 33, 1),
(5139, 236, 34, 1),
(5140, 236, 35, 1),
(5141, 236, 36, 1),
(5142, 236, 37, 1),
(5143, 236, 38, 1),
(5144, 236, 39, 1),
(5145, 236, 40, 1),
(5157, 237, 21, 1),
(5158, 237, 22, 1),
(5159, 237, 23, 1),
(5160, 237, 24, 1),
(5161, 237, 25, 1),
(5162, 237, 26, 1),
(5163, 237, 27, 1),
(5164, 237, 28, 1),
(5165, 237, 29, 1),
(5166, 237, 30, 1),
(5167, 237, 31, 1),
(5168, 237, 32, 1),
(5169, 237, 33, 1),
(5170, 237, 34, 1),
(5171, 237, 35, 1),
(5172, 237, 36, 1),
(5173, 237, 37, 1),
(5174, 237, 38, 1),
(5175, 237, 39, 1),
(5176, 237, 40, 1),
(5188, 238, 21, 1),
(5189, 238, 22, 1),
(5190, 238, 23, 1),
(5191, 238, 24, 1),
(5192, 238, 25, 1),
(5193, 238, 26, 1),
(5194, 238, 27, 1),
(5195, 238, 28, 1),
(5196, 238, 29, 1),
(5197, 238, 30, 1),
(5198, 238, 31, 1),
(5199, 238, 32, 1),
(5200, 238, 33, 1),
(5201, 238, 34, 1),
(5202, 238, 35, 1),
(5203, 238, 36, 1),
(5204, 238, 37, 1),
(5205, 238, 38, 1),
(5206, 238, 39, 1),
(5207, 238, 40, 1),
(5219, 239, 21, 1),
(5220, 239, 22, 1),
(5221, 239, 23, 1),
(5222, 239, 24, 1),
(5223, 239, 25, 1),
(5224, 239, 26, 1),
(5225, 239, 27, 1),
(5226, 239, 28, 1),
(5227, 239, 29, 1),
(5228, 239, 30, 1),
(5229, 239, 31, 1),
(5230, 239, 32, 1),
(5231, 239, 33, 1),
(5232, 239, 34, 1),
(5233, 239, 35, 1),
(5234, 239, 36, 1),
(5235, 239, 37, 1),
(5236, 239, 38, 1),
(5237, 239, 39, 1),
(5238, 239, 40, 1),
(5250, 240, 21, 1),
(5251, 240, 22, 1),
(5252, 240, 23, 1),
(5253, 240, 24, 1),
(5254, 240, 25, 1),
(5255, 240, 26, 1),
(5256, 240, 27, 1),
(5257, 240, 28, 1),
(5258, 240, 29, 1),
(5259, 240, 30, 1),
(5260, 240, 31, 1),
(5261, 240, 32, 1),
(5262, 240, 33, 1),
(5263, 240, 34, 1),
(5264, 240, 35, 1),
(5265, 240, 36, 1),
(5266, 240, 37, 1),
(5267, 240, 38, 1),
(5268, 240, 39, 1),
(5269, 240, 40, 1),
(5281, 241, 21, 1),
(5282, 241, 22, 1),
(5283, 241, 23, 1),
(5284, 241, 24, 1),
(5285, 241, 25, 1),
(5286, 241, 26, 1),
(5287, 241, 27, 1),
(5288, 241, 28, 1),
(5289, 241, 29, 1),
(5290, 241, 30, 1),
(5291, 241, 31, 1),
(5292, 241, 32, 1),
(5293, 241, 33, 1),
(5294, 241, 34, 1),
(5295, 241, 35, 1),
(5296, 241, 36, 1),
(5297, 241, 37, 1),
(5298, 241, 38, 1),
(5299, 241, 39, 1),
(5300, 241, 40, 1),
(5312, 242, 21, 1),
(5313, 242, 22, 1),
(5314, 242, 23, 1),
(5315, 242, 24, 1),
(5316, 242, 25, 1),
(5317, 242, 26, 1),
(5318, 242, 27, 1),
(5319, 242, 28, 1),
(5320, 242, 29, 1),
(5321, 242, 30, 1),
(5322, 242, 31, 1),
(5323, 242, 32, 1),
(5324, 242, 33, 1),
(5325, 242, 34, 1),
(5326, 242, 35, 1),
(5327, 242, 36, 1),
(5328, 242, 37, 1),
(5329, 242, 38, 1),
(5330, 242, 39, 1),
(5331, 242, 40, 1),
(5343, 243, 21, 1),
(5344, 243, 22, 1),
(5345, 243, 23, 1),
(5346, 243, 24, 1),
(5347, 243, 25, 1),
(5348, 243, 26, 1),
(5349, 243, 27, 1),
(5350, 243, 28, 1),
(5351, 243, 29, 1),
(5352, 243, 30, 1),
(5353, 243, 31, 1),
(5354, 243, 32, 1),
(5355, 243, 33, 1),
(5356, 243, 34, 1),
(5357, 243, 35, 1),
(5358, 243, 36, 1),
(5359, 243, 37, 1),
(5360, 243, 38, 1),
(5361, 243, 39, 1),
(5362, 243, 40, 1),
(5374, 244, 21, 1),
(5375, 244, 22, 1),
(5376, 244, 23, 1),
(5377, 244, 24, 1),
(5378, 244, 25, 1),
(5379, 244, 26, 1),
(5380, 244, 27, 1),
(5381, 244, 28, 1),
(5382, 244, 29, 1),
(5383, 244, 30, 1),
(5384, 244, 31, 1),
(5385, 244, 32, 1),
(5386, 244, 33, 1),
(5387, 244, 34, 1),
(5388, 244, 35, 1),
(5389, 244, 36, 1),
(5390, 244, 37, 1),
(5391, 244, 38, 1),
(5392, 244, 39, 1),
(5393, 244, 40, 1),
(5405, 245, 41, 1),
(5406, 245, 42, 1),
(5407, 245, 43, 1),
(5408, 245, 44, 1),
(5409, 245, 45, 1),
(5410, 245, 46, 1),
(5411, 245, 47, 1),
(5412, 245, 48, 1),
(5413, 245, 49, 1),
(5414, 245, 50, 1),
(5415, 245, 51, 1),
(5416, 245, 52, 1),
(5417, 245, 53, 1),
(5418, 245, 54, 1),
(5419, 245, 55, 1),
(5420, 245, 56, 1),
(5421, 245, 57, 1),
(5422, 245, 58, 1),
(5423, 245, 59, 1),
(5424, 245, 60, 1),
(5425, 245, 61, 1),
(5426, 245, 62, 1),
(5427, 245, 63, 1),
(5428, 245, 64, 1),
(5429, 245, 65, 1),
(5430, 245, 66, 1),
(5431, 245, 67, 1),
(5432, 245, 68, 1),
(5433, 245, 69, 1),
(5434, 245, 70, 1),
(5436, 246, 41, 1),
(5437, 246, 42, 1),
(5438, 246, 43, 1),
(5439, 246, 44, 1),
(5440, 246, 45, 1),
(5441, 246, 46, 1),
(5442, 246, 47, 1),
(5443, 246, 48, 1),
(5444, 246, 49, 1),
(5445, 246, 50, 1),
(5446, 246, 51, 1),
(5447, 246, 52, 1),
(5448, 246, 53, 1),
(5449, 246, 54, 1),
(5450, 246, 55, 1),
(5451, 246, 56, 1),
(5452, 246, 57, 1),
(5453, 246, 58, 1),
(5454, 246, 59, 1),
(5455, 246, 60, 1),
(5456, 246, 61, 1),
(5457, 246, 62, 1),
(5458, 246, 63, 1),
(5459, 246, 64, 1),
(5460, 246, 65, 1),
(5461, 246, 66, 1),
(5462, 246, 67, 1),
(5463, 246, 68, 1),
(5464, 246, 69, 1),
(5465, 246, 70, 1),
(5467, 247, 41, 1),
(5468, 247, 42, 1),
(5469, 247, 43, 1),
(5470, 247, 44, 1),
(5471, 247, 45, 1),
(5472, 247, 46, 1),
(5473, 247, 47, 1),
(5474, 247, 48, 1),
(5475, 247, 49, 1),
(5476, 247, 50, 1),
(5477, 247, 51, 1),
(5478, 247, 52, 1),
(5479, 247, 53, 1),
(5480, 247, 54, 1),
(5481, 247, 55, 1),
(5482, 247, 56, 1),
(5483, 247, 57, 1),
(5484, 247, 58, 1),
(5485, 247, 59, 1),
(5486, 247, 60, 1),
(5487, 247, 61, 1),
(5488, 247, 62, 1),
(5489, 247, 63, 1),
(5490, 247, 64, 1),
(5491, 247, 65, 1),
(5492, 247, 66, 1),
(5493, 247, 67, 1),
(5494, 247, 68, 1),
(5495, 247, 69, 1),
(5496, 247, 70, 1),
(5498, 248, 41, 1),
(5499, 248, 42, 1),
(5500, 248, 43, 1),
(5501, 248, 44, 1),
(5502, 248, 45, 1),
(5503, 248, 46, 1),
(5504, 248, 47, 1),
(5505, 248, 48, 1),
(5506, 248, 49, 1),
(5507, 248, 50, 1),
(5508, 248, 51, 1),
(5509, 248, 52, 1),
(5510, 248, 53, 1),
(5511, 248, 54, 1),
(5512, 248, 55, 1),
(5513, 248, 56, 1),
(5514, 248, 57, 1),
(5515, 248, 58, 1),
(5516, 248, 59, 1),
(5517, 248, 60, 1),
(5518, 248, 61, 1),
(5519, 248, 62, 1),
(5520, 248, 63, 1),
(5521, 248, 64, 1),
(5522, 248, 65, 1),
(5523, 248, 66, 1),
(5524, 248, 67, 1),
(5525, 248, 68, 1),
(5526, 248, 69, 1),
(5527, 248, 70, 1),
(5529, 249, 41, 1),
(5530, 249, 42, 1),
(5531, 249, 43, 1),
(5532, 249, 44, 1),
(5533, 249, 45, 1),
(5534, 249, 46, 1),
(5535, 249, 47, 1),
(5536, 249, 48, 1),
(5537, 249, 49, 1),
(5538, 249, 50, 1),
(5539, 249, 51, 1),
(5540, 249, 52, 1),
(5541, 249, 53, 1),
(5542, 249, 54, 1),
(5543, 249, 55, 1),
(5544, 249, 56, 1),
(5545, 249, 57, 1),
(5546, 249, 58, 1),
(5547, 249, 59, 1),
(5548, 249, 60, 1),
(5549, 249, 61, 1),
(5550, 249, 62, 1),
(5551, 249, 63, 1),
(5552, 249, 64, 1),
(5553, 249, 65, 1),
(5554, 249, 66, 1),
(5555, 249, 67, 1),
(5556, 249, 68, 1),
(5557, 249, 69, 1),
(5558, 249, 70, 1),
(5560, 250, 41, 1),
(5561, 250, 42, 1),
(5562, 250, 43, 1),
(5563, 250, 44, 1),
(5564, 250, 45, 1),
(5565, 250, 46, 1),
(5566, 250, 47, 1),
(5567, 250, 48, 1),
(5568, 250, 49, 1),
(5569, 250, 50, 1),
(5570, 250, 51, 1),
(5571, 250, 52, 1),
(5572, 250, 53, 1),
(5573, 250, 54, 1),
(5574, 250, 55, 1),
(5575, 250, 56, 1),
(5576, 250, 57, 1),
(5577, 250, 58, 1),
(5578, 250, 59, 1),
(5579, 250, 60, 1),
(5580, 250, 61, 1),
(5581, 250, 62, 1),
(5582, 250, 63, 1),
(5583, 250, 64, 1),
(5584, 250, 65, 1),
(5585, 250, 66, 1),
(5586, 250, 67, 1),
(5587, 250, 68, 1),
(5588, 250, 69, 1),
(5589, 250, 70, 1),
(5591, 251, 41, 1),
(5592, 251, 42, 1),
(5593, 251, 43, 1),
(5594, 251, 44, 1),
(5595, 251, 45, 1),
(5596, 251, 46, 1),
(5597, 251, 47, 1),
(5598, 251, 48, 1),
(5599, 251, 49, 1),
(5600, 251, 50, 1),
(5601, 251, 51, 1),
(5602, 251, 52, 1),
(5603, 251, 53, 1),
(5604, 251, 54, 1),
(5605, 251, 55, 1),
(5606, 251, 56, 1),
(5607, 251, 57, 1),
(5608, 251, 58, 1),
(5609, 251, 59, 1),
(5610, 251, 60, 1),
(5611, 251, 61, 1),
(5612, 251, 62, 1),
(5613, 251, 63, 1),
(5614, 251, 64, 1),
(5615, 251, 65, 1),
(5616, 251, 66, 1),
(5617, 251, 67, 1),
(5618, 251, 68, 1),
(5619, 251, 69, 1),
(5620, 251, 70, 1),
(5622, 252, 41, 1),
(5623, 252, 42, 1),
(5624, 252, 43, 1),
(5625, 252, 44, 1),
(5626, 252, 45, 1),
(5627, 252, 46, 1),
(5628, 252, 47, 1),
(5629, 252, 48, 1),
(5630, 252, 49, 1),
(5631, 252, 50, 1),
(5632, 252, 51, 1),
(5633, 252, 52, 1),
(5634, 252, 53, 1),
(5635, 252, 54, 1),
(5636, 252, 55, 1),
(5637, 252, 56, 1),
(5638, 252, 57, 1),
(5639, 252, 58, 1),
(5640, 252, 59, 1),
(5641, 252, 60, 1),
(5642, 252, 61, 1),
(5643, 252, 62, 1),
(5644, 252, 63, 1),
(5645, 252, 64, 1),
(5646, 252, 65, 1),
(5647, 252, 66, 1),
(5648, 252, 67, 1),
(5649, 252, 68, 1),
(5650, 252, 69, 1),
(5651, 252, 70, 1),
(5653, 253, 41, 1),
(5654, 253, 42, 1),
(5655, 253, 43, 1),
(5656, 253, 44, 1),
(5657, 253, 45, 1),
(5658, 253, 46, 1),
(5659, 253, 47, 1),
(5660, 253, 48, 1),
(5661, 253, 49, 1),
(5662, 253, 50, 1),
(5663, 253, 51, 1),
(5664, 253, 52, 1),
(5665, 253, 53, 1),
(5666, 253, 54, 1),
(5667, 253, 55, 1),
(5668, 253, 56, 1),
(5669, 253, 57, 1),
(5670, 253, 58, 1),
(5671, 253, 59, 1),
(5672, 253, 60, 1),
(5673, 253, 61, 1),
(5674, 253, 62, 1),
(5675, 253, 63, 1),
(5676, 253, 64, 1),
(5677, 253, 65, 1),
(5678, 253, 66, 1),
(5679, 253, 67, 1),
(5680, 253, 68, 1),
(5681, 253, 69, 1),
(5682, 253, 70, 1),
(5684, 254, 41, 1),
(5685, 254, 42, 1),
(5686, 254, 43, 1),
(5687, 254, 44, 1),
(5688, 254, 45, 1),
(5689, 254, 46, 1),
(5690, 254, 47, 1),
(5691, 254, 48, 1),
(5692, 254, 49, 1),
(5693, 254, 50, 1),
(5694, 254, 51, 1),
(5695, 254, 52, 1),
(5696, 254, 53, 1),
(5697, 254, 54, 1),
(5698, 254, 55, 1),
(5699, 254, 56, 1),
(5700, 254, 57, 1),
(5701, 254, 58, 1),
(5702, 254, 59, 1),
(5703, 254, 60, 1),
(5704, 254, 61, 1),
(5705, 254, 62, 1),
(5706, 254, 63, 1),
(5707, 254, 64, 1),
(5708, 254, 65, 1),
(5709, 254, 66, 1),
(5710, 254, 67, 1),
(5711, 254, 68, 1),
(5712, 254, 69, 1),
(5713, 254, 70, 1),
(5715, 255, 41, 1),
(5716, 255, 42, 1),
(5717, 255, 43, 1),
(5718, 255, 44, 1),
(5719, 255, 45, 1),
(5720, 255, 46, 1),
(5721, 255, 47, 1),
(5722, 255, 48, 1),
(5723, 255, 49, 1),
(5724, 255, 50, 1),
(5725, 255, 51, 1),
(5726, 255, 52, 1),
(5727, 255, 53, 1),
(5728, 255, 54, 1),
(5729, 255, 55, 1),
(5730, 255, 56, 1),
(5731, 255, 57, 1),
(5732, 255, 58, 1),
(5733, 255, 59, 1),
(5734, 255, 60, 1),
(5735, 255, 61, 1),
(5736, 255, 62, 1),
(5737, 255, 63, 1),
(5738, 255, 64, 1),
(5739, 255, 65, 1),
(5740, 255, 66, 1),
(5741, 255, 67, 1),
(5742, 255, 68, 1),
(5743, 255, 69, 1),
(5744, 255, 70, 1),
(5746, 256, 41, 1),
(5747, 256, 42, 1),
(5748, 256, 43, 1),
(5749, 256, 44, 1),
(5750, 256, 45, 1),
(5751, 256, 46, 1),
(5752, 256, 47, 1),
(5753, 256, 48, 1),
(5754, 256, 49, 1),
(5755, 256, 50, 1),
(5756, 256, 51, 1),
(5757, 256, 52, 1),
(5758, 256, 53, 1),
(5759, 256, 54, 1),
(5760, 256, 55, 1),
(5761, 256, 56, 1),
(5762, 256, 57, 1),
(5763, 256, 58, 1),
(5764, 256, 59, 1),
(5765, 256, 60, 1),
(5766, 256, 61, 1),
(5767, 256, 62, 1),
(5768, 256, 63, 1),
(5769, 256, 64, 1),
(5770, 256, 65, 1),
(5771, 256, 66, 1),
(5772, 256, 67, 1),
(5773, 256, 68, 1),
(5774, 256, 69, 1),
(5775, 256, 70, 1),
(5777, 257, 41, 1),
(5778, 257, 42, 1),
(5779, 257, 43, 1),
(5780, 257, 44, 1),
(5781, 257, 45, 1),
(5782, 257, 46, 1),
(5783, 257, 47, 1),
(5784, 257, 48, 1),
(5785, 257, 49, 1),
(5786, 257, 50, 1),
(5787, 257, 51, 1),
(5788, 257, 52, 1),
(5789, 257, 53, 1),
(5790, 257, 54, 1),
(5791, 257, 55, 1),
(5792, 257, 56, 1),
(5793, 257, 57, 1),
(5794, 257, 58, 1),
(5795, 257, 59, 1),
(5796, 257, 60, 1),
(5797, 257, 61, 1),
(5798, 257, 62, 1),
(5799, 257, 63, 1),
(5800, 257, 64, 1),
(5801, 257, 65, 1),
(5802, 257, 66, 1),
(5803, 257, 67, 1),
(5804, 257, 68, 1),
(5805, 257, 69, 1),
(5806, 257, 70, 1),
(5808, 258, 41, 1),
(5809, 258, 42, 1),
(5810, 258, 43, 1),
(5811, 258, 44, 1),
(5812, 258, 45, 1),
(5813, 258, 46, 1),
(5814, 258, 47, 1),
(5815, 258, 48, 1),
(5816, 258, 49, 1),
(5817, 258, 50, 1),
(5818, 258, 51, 1),
(5819, 258, 52, 1),
(5820, 258, 53, 1),
(5821, 258, 54, 1),
(5822, 258, 55, 1),
(5823, 258, 56, 1),
(5824, 258, 57, 1),
(5825, 258, 58, 1),
(5826, 258, 59, 1),
(5827, 258, 60, 1),
(5828, 258, 61, 1),
(5829, 258, 62, 1),
(5830, 258, 63, 1),
(5831, 258, 64, 1),
(5832, 258, 65, 1),
(5833, 258, 66, 1),
(5834, 258, 67, 1),
(5835, 258, 68, 1),
(5836, 258, 69, 1),
(5837, 258, 70, 1),
(5839, 259, 41, 1),
(5840, 259, 42, 1),
(5841, 259, 43, 1),
(5842, 259, 44, 1),
(5843, 259, 45, 1),
(5844, 259, 46, 1),
(5845, 259, 47, 1),
(5846, 259, 48, 1),
(5847, 259, 49, 1),
(5848, 259, 50, 1),
(5849, 259, 51, 1),
(5850, 259, 52, 1),
(5851, 259, 53, 1),
(5852, 259, 54, 1),
(5853, 259, 55, 1),
(5854, 259, 56, 1),
(5855, 259, 57, 1),
(5856, 259, 58, 1),
(5857, 259, 59, 1),
(5858, 259, 60, 1),
(5859, 259, 61, 1),
(5860, 259, 62, 1),
(5861, 259, 63, 1),
(5862, 259, 64, 1),
(5863, 259, 65, 1),
(5864, 259, 66, 1),
(5865, 259, 67, 1),
(5866, 259, 68, 1),
(5867, 259, 69, 1),
(5868, 259, 70, 1),
(5870, 260, 41, 1),
(5871, 260, 42, 1),
(5872, 260, 43, 1),
(5873, 260, 44, 1),
(5874, 260, 45, 1),
(5875, 260, 46, 1),
(5876, 260, 47, 1),
(5877, 260, 48, 1),
(5878, 260, 49, 1),
(5879, 260, 50, 1),
(5880, 260, 51, 1),
(5881, 260, 52, 1),
(5882, 260, 53, 1),
(5883, 260, 54, 1),
(5884, 260, 55, 1),
(5885, 260, 56, 1),
(5886, 260, 57, 1),
(5887, 260, 58, 1),
(5888, 260, 59, 1),
(5889, 260, 60, 1),
(5890, 260, 61, 1),
(5891, 260, 62, 1),
(5892, 260, 63, 1),
(5893, 260, 64, 1),
(5894, 260, 65, 1),
(5895, 260, 66, 1),
(5896, 260, 67, 1),
(5897, 260, 68, 1),
(5898, 260, 69, 1),
(5899, 260, 70, 1),
(5901, 261, 41, 1),
(5902, 261, 42, 1),
(5903, 261, 43, 1),
(5904, 261, 44, 1),
(5905, 261, 45, 1),
(5906, 261, 46, 1),
(5907, 261, 47, 1),
(5908, 261, 48, 1),
(5909, 261, 49, 1),
(5910, 261, 50, 1),
(5911, 261, 51, 1),
(5912, 261, 52, 1),
(5913, 261, 53, 1),
(5914, 261, 54, 1),
(5915, 261, 55, 1),
(5916, 261, 56, 1),
(5917, 261, 57, 1),
(5918, 261, 58, 1),
(5919, 261, 59, 1),
(5920, 261, 60, 1),
(5921, 261, 61, 1),
(5922, 261, 62, 1),
(5923, 261, 63, 1),
(5924, 261, 64, 1),
(5925, 261, 65, 1),
(5926, 261, 66, 1),
(5927, 261, 67, 1),
(5928, 261, 68, 1),
(5929, 261, 69, 1),
(5930, 261, 70, 1),
(5932, 262, 41, 1),
(5933, 262, 42, 1),
(5934, 262, 43, 1),
(5935, 262, 44, 1),
(5936, 262, 45, 1),
(5937, 262, 46, 1),
(5938, 262, 47, 1),
(5939, 262, 48, 1),
(5940, 262, 49, 1),
(5941, 262, 50, 1),
(5942, 262, 51, 1),
(5943, 262, 52, 1),
(5944, 262, 53, 1),
(5945, 262, 54, 1),
(5946, 262, 55, 1),
(5947, 262, 56, 1),
(5948, 262, 57, 1),
(5949, 262, 58, 1),
(5950, 262, 59, 1),
(5951, 262, 60, 1),
(5952, 262, 61, 1),
(5953, 262, 62, 1),
(5954, 262, 63, 1),
(5955, 262, 64, 1),
(5956, 262, 65, 1),
(5957, 262, 66, 1),
(5958, 262, 67, 1),
(5959, 262, 68, 1),
(5960, 262, 69, 1),
(5961, 262, 70, 1),
(5963, 263, 41, 1),
(5964, 263, 42, 1),
(5965, 263, 43, 1),
(5966, 263, 44, 1),
(5967, 263, 45, 1),
(5968, 263, 46, 1),
(5969, 263, 47, 1),
(5970, 263, 48, 1),
(5971, 263, 49, 1),
(5972, 263, 50, 1),
(5973, 263, 51, 1),
(5974, 263, 52, 1),
(5975, 263, 53, 1),
(5976, 263, 54, 1),
(5977, 263, 55, 1),
(5978, 263, 56, 1),
(5979, 263, 57, 1),
(5980, 263, 58, 1),
(5981, 263, 59, 1),
(5982, 263, 60, 1),
(5983, 263, 61, 1),
(5984, 263, 62, 1),
(5985, 263, 63, 1),
(5986, 263, 64, 1),
(5987, 263, 65, 1),
(5988, 263, 66, 1),
(5989, 263, 67, 1),
(5990, 263, 68, 1),
(5991, 263, 69, 1),
(5992, 263, 70, 1),
(5994, 264, 41, 1),
(5995, 264, 42, 1),
(5996, 264, 43, 1),
(5997, 264, 44, 1),
(5998, 264, 45, 1),
(5999, 264, 46, 1),
(6000, 264, 47, 1),
(6001, 264, 48, 1),
(6002, 264, 49, 1),
(6003, 264, 50, 1),
(6004, 264, 51, 1),
(6005, 264, 52, 1),
(6006, 264, 53, 1),
(6007, 264, 54, 1),
(6008, 264, 55, 1),
(6009, 264, 56, 1),
(6010, 264, 57, 1),
(6011, 264, 58, 1),
(6012, 264, 59, 1),
(6013, 264, 60, 1),
(6014, 264, 61, 1),
(6015, 264, 62, 1),
(6016, 264, 63, 1),
(6017, 264, 64, 1),
(6018, 264, 65, 1),
(6019, 264, 66, 1),
(6020, 264, 67, 1),
(6021, 264, 68, 1),
(6022, 264, 69, 1),
(6023, 264, 70, 1),
(6025, 265, 41, 1),
(6026, 265, 42, 1),
(6027, 265, 43, 1),
(6028, 265, 44, 1),
(6029, 265, 45, 1),
(6030, 265, 46, 1),
(6031, 265, 47, 1),
(6032, 265, 48, 1),
(6033, 265, 49, 1),
(6034, 265, 50, 1),
(6035, 265, 51, 1),
(6036, 265, 52, 1),
(6037, 265, 53, 1),
(6038, 265, 54, 1),
(6039, 265, 55, 1),
(6040, 265, 56, 1),
(6041, 265, 57, 1),
(6042, 265, 58, 1),
(6043, 265, 59, 1),
(6044, 265, 60, 1),
(6045, 265, 61, 1),
(6046, 265, 62, 1),
(6047, 265, 63, 1),
(6048, 265, 64, 1),
(6049, 265, 65, 1),
(6050, 265, 66, 1),
(6051, 265, 67, 1),
(6052, 265, 68, 1),
(6053, 265, 69, 1),
(6054, 265, 70, 1),
(6056, 266, 71, 1),
(6057, 266, 72, 1),
(6058, 266, 73, 1),
(6059, 266, 74, 1),
(6060, 266, 75, 1),
(6061, 266, 76, 1),
(6062, 266, 77, 1),
(6063, 266, 78, 1),
(6064, 266, 79, 1),
(6065, 266, 80, 1),
(6066, 266, 81, 1),
(6067, 266, 82, 1),
(6068, 266, 83, 1),
(6069, 266, 84, 1),
(6070, 266, 85, 1),
(6071, 266, 86, 1),
(6072, 266, 87, 1),
(6073, 266, 88, 1),
(6074, 266, 89, 1),
(6075, 266, 90, 1),
(6076, 266, 91, 1),
(6077, 266, 92, 1),
(6078, 266, 93, 1),
(6079, 266, 94, 1),
(6087, 267, 71, 1),
(6088, 267, 72, 1),
(6089, 267, 73, 1),
(6090, 267, 74, 1),
(6091, 267, 75, 1),
(6092, 267, 76, 1),
(6093, 267, 77, 1),
(6094, 267, 78, 1),
(6095, 267, 79, 1),
(6096, 267, 80, 1),
(6097, 267, 81, 1),
(6098, 267, 82, 1),
(6099, 267, 83, 1),
(6100, 267, 84, 1),
(6101, 267, 85, 1),
(6102, 267, 86, 1),
(6103, 267, 87, 1),
(6104, 267, 88, 1),
(6105, 267, 89, 1),
(6106, 267, 90, 1),
(6107, 267, 91, 1),
(6108, 267, 92, 1),
(6109, 267, 93, 1),
(6110, 267, 94, 1),
(6118, 268, 71, 1),
(6119, 268, 72, 1),
(6120, 268, 73, 1),
(6121, 268, 74, 1),
(6122, 268, 75, 1),
(6123, 268, 76, 1),
(6124, 268, 77, 1),
(6125, 268, 78, 1),
(6126, 268, 79, 1),
(6127, 268, 80, 1),
(6128, 268, 81, 1),
(6129, 268, 82, 1),
(6130, 268, 83, 1),
(6131, 268, 84, 1),
(6132, 268, 85, 1),
(6133, 268, 86, 1),
(6134, 268, 87, 1),
(6135, 268, 88, 1),
(6136, 268, 89, 1),
(6137, 268, 90, 1),
(6138, 268, 91, 1),
(6139, 268, 92, 1),
(6140, 268, 93, 1),
(6141, 268, 94, 1),
(6149, 269, 71, 1),
(6150, 269, 72, 1),
(6151, 269, 73, 1),
(6152, 269, 74, 1),
(6153, 269, 75, 1),
(6154, 269, 76, 1),
(6155, 269, 77, 1),
(6156, 269, 78, 1),
(6157, 269, 79, 1),
(6158, 269, 80, 1),
(6159, 269, 81, 1),
(6160, 269, 82, 1),
(6161, 269, 83, 1),
(6162, 269, 84, 1),
(6163, 269, 85, 1),
(6164, 269, 86, 1),
(6165, 269, 87, 1),
(6166, 269, 88, 1),
(6167, 269, 89, 1),
(6168, 269, 90, 1),
(6169, 269, 91, 1),
(6170, 269, 92, 1),
(6171, 269, 93, 1),
(6172, 269, 94, 1),
(6180, 270, 71, 1),
(6181, 270, 72, 1),
(6182, 270, 73, 1),
(6183, 270, 74, 1),
(6184, 270, 75, 1),
(6185, 270, 76, 1),
(6186, 270, 77, 1),
(6187, 270, 78, 1),
(6188, 270, 79, 1),
(6189, 270, 80, 1),
(6190, 270, 81, 1),
(6191, 270, 82, 1),
(6192, 270, 83, 1),
(6193, 270, 84, 1),
(6194, 270, 85, 1),
(6195, 270, 86, 1),
(6196, 270, 87, 1),
(6197, 270, 88, 1),
(6198, 270, 89, 1),
(6199, 270, 90, 1),
(6200, 270, 91, 1),
(6201, 270, 92, 1),
(6202, 270, 93, 1),
(6203, 270, 94, 1),
(6211, 271, 71, 1),
(6212, 271, 72, 1),
(6213, 271, 73, 1),
(6214, 271, 74, 1),
(6215, 271, 75, 1),
(6216, 271, 76, 1),
(6217, 271, 77, 1),
(6218, 271, 78, 1),
(6219, 271, 79, 1),
(6220, 271, 80, 1),
(6221, 271, 81, 1),
(6222, 271, 82, 1),
(6223, 271, 83, 1),
(6224, 271, 84, 1),
(6225, 271, 85, 1),
(6226, 271, 86, 1),
(6227, 271, 87, 1),
(6228, 271, 88, 1),
(6229, 271, 89, 1),
(6230, 271, 90, 1),
(6231, 271, 91, 1),
(6232, 271, 92, 1),
(6233, 271, 93, 1),
(6234, 271, 94, 1),
(6242, 272, 71, 1),
(6243, 272, 72, 1),
(6244, 272, 73, 1),
(6245, 272, 74, 1),
(6246, 272, 75, 1),
(6247, 272, 76, 1),
(6248, 272, 77, 1),
(6249, 272, 78, 1),
(6250, 272, 79, 1),
(6251, 272, 80, 1),
(6252, 272, 81, 1),
(6253, 272, 82, 1),
(6254, 272, 83, 1),
(6255, 272, 84, 1),
(6256, 272, 85, 1),
(6257, 272, 86, 1),
(6258, 272, 87, 1),
(6259, 272, 88, 1),
(6260, 272, 89, 1),
(6261, 272, 90, 1),
(6262, 272, 91, 1),
(6263, 272, 92, 1),
(6264, 272, 93, 1),
(6265, 272, 94, 1),
(6273, 273, 71, 1),
(6274, 273, 72, 1),
(6275, 273, 73, 1),
(6276, 273, 74, 1),
(6277, 273, 75, 1),
(6278, 273, 76, 1),
(6279, 273, 77, 1),
(6280, 273, 78, 1),
(6281, 273, 79, 1),
(6282, 273, 80, 1),
(6283, 273, 81, 1),
(6284, 273, 82, 1),
(6285, 273, 83, 1),
(6286, 273, 84, 1),
(6287, 273, 85, 1),
(6288, 273, 86, 1),
(6289, 273, 87, 1),
(6290, 273, 88, 1),
(6291, 273, 89, 1),
(6292, 273, 90, 1),
(6293, 273, 91, 1),
(6294, 273, 92, 1),
(6295, 273, 93, 1),
(6296, 273, 94, 1),
(6304, 274, 71, 1),
(6305, 274, 72, 1),
(6306, 274, 73, 1),
(6307, 274, 74, 1),
(6308, 274, 75, 1),
(6309, 274, 76, 1),
(6310, 274, 77, 1),
(6311, 274, 78, 1),
(6312, 274, 79, 1),
(6313, 274, 80, 1),
(6314, 274, 81, 1),
(6315, 274, 82, 1),
(6316, 274, 83, 1),
(6317, 274, 84, 1),
(6318, 274, 85, 1),
(6319, 274, 86, 1),
(6320, 274, 87, 1),
(6321, 274, 88, 1),
(6322, 274, 89, 1),
(6323, 274, 90, 1),
(6324, 274, 91, 1),
(6325, 274, 92, 1),
(6326, 274, 93, 1),
(6327, 274, 94, 1),
(6335, 275, 71, 1),
(6336, 275, 72, 1),
(6337, 275, 73, 1),
(6338, 275, 74, 1),
(6339, 275, 75, 1),
(6340, 275, 76, 1),
(6341, 275, 77, 1),
(6342, 275, 78, 1),
(6343, 275, 79, 1),
(6344, 275, 80, 1),
(6345, 275, 81, 1),
(6346, 275, 82, 1),
(6347, 275, 83, 1),
(6348, 275, 84, 1),
(6349, 275, 85, 1),
(6350, 275, 86, 1),
(6351, 275, 87, 1),
(6352, 275, 88, 1),
(6353, 275, 89, 1),
(6354, 275, 90, 1),
(6355, 275, 91, 1),
(6356, 275, 92, 1),
(6357, 275, 93, 1),
(6358, 275, 94, 1),
(6366, 276, 71, 1),
(6367, 276, 72, 1),
(6368, 276, 73, 1),
(6369, 276, 74, 1),
(6370, 276, 75, 1),
(6371, 276, 76, 1),
(6372, 276, 77, 1),
(6373, 276, 78, 1),
(6374, 276, 79, 1),
(6375, 276, 80, 1),
(6376, 276, 81, 1),
(6377, 276, 82, 1),
(6378, 276, 83, 1),
(6379, 276, 84, 1),
(6380, 276, 85, 1),
(6381, 276, 86, 1),
(6382, 276, 87, 1),
(6383, 276, 88, 1),
(6384, 276, 89, 1),
(6385, 276, 90, 1),
(6386, 276, 91, 1),
(6387, 276, 92, 1),
(6388, 276, 93, 1),
(6389, 276, 94, 1),
(6397, 277, 71, 1),
(6398, 277, 72, 1),
(6399, 277, 73, 1),
(6400, 277, 74, 1),
(6401, 277, 75, 1),
(6402, 277, 76, 1),
(6403, 277, 77, 1),
(6404, 277, 78, 1),
(6405, 277, 79, 1),
(6406, 277, 80, 1),
(6407, 277, 81, 1),
(6408, 277, 82, 1),
(6409, 277, 83, 1),
(6410, 277, 84, 1),
(6411, 277, 85, 1),
(6412, 277, 86, 1),
(6413, 277, 87, 1),
(6414, 277, 88, 1),
(6415, 277, 89, 1),
(6416, 277, 90, 1),
(6417, 277, 91, 1),
(6418, 277, 92, 1),
(6419, 277, 93, 1),
(6420, 277, 94, 1),
(6428, 278, 71, 1),
(6429, 278, 72, 1),
(6430, 278, 73, 1),
(6431, 278, 74, 1),
(6432, 278, 75, 1),
(6433, 278, 76, 1),
(6434, 278, 77, 1),
(6435, 278, 78, 1),
(6436, 278, 79, 1),
(6437, 278, 80, 1),
(6438, 278, 81, 1),
(6439, 278, 82, 1),
(6440, 278, 83, 1),
(6441, 278, 84, 1),
(6442, 278, 85, 1),
(6443, 278, 86, 1),
(6444, 278, 87, 1),
(6445, 278, 88, 1),
(6446, 278, 89, 1),
(6447, 278, 90, 1),
(6448, 278, 91, 1),
(6449, 278, 92, 1),
(6450, 278, 93, 1),
(6451, 278, 94, 1),
(6459, 279, 71, 1),
(6460, 279, 72, 1),
(6461, 279, 73, 1),
(6462, 279, 74, 1),
(6463, 279, 75, 1),
(6464, 279, 76, 1),
(6465, 279, 77, 1),
(6466, 279, 78, 1),
(6467, 279, 79, 1),
(6468, 279, 80, 1),
(6469, 279, 81, 1),
(6470, 279, 82, 1),
(6471, 279, 83, 1),
(6472, 279, 84, 1),
(6473, 279, 85, 1),
(6474, 279, 86, 1),
(6475, 279, 87, 1),
(6476, 279, 88, 1),
(6477, 279, 89, 1),
(6478, 279, 90, 1),
(6479, 279, 91, 1),
(6480, 279, 92, 1),
(6481, 279, 93, 1),
(6482, 279, 94, 1),
(6490, 280, 71, 1),
(6491, 280, 72, 1),
(6492, 280, 73, 1),
(6493, 280, 74, 1),
(6494, 280, 75, 1),
(6495, 280, 76, 1),
(6496, 280, 77, 1),
(6497, 280, 78, 1),
(6498, 280, 79, 1),
(6499, 280, 80, 1),
(6500, 280, 81, 1),
(6501, 280, 82, 1),
(6502, 280, 83, 1),
(6503, 280, 84, 1),
(6504, 280, 85, 1),
(6505, 280, 86, 1),
(6506, 280, 87, 1),
(6507, 280, 88, 1),
(6508, 280, 89, 1),
(6509, 280, 90, 1),
(6510, 280, 91, 1),
(6511, 280, 92, 1),
(6512, 280, 93, 1),
(6513, 280, 94, 1),
(6521, 281, 71, 1),
(6522, 281, 72, 1),
(6523, 281, 73, 1),
(6524, 281, 74, 1),
(6525, 281, 75, 1),
(6526, 281, 76, 1),
(6527, 281, 77, 1),
(6528, 281, 78, 1),
(6529, 281, 79, 1),
(6530, 281, 80, 1),
(6531, 281, 81, 1),
(6532, 281, 82, 1),
(6533, 281, 83, 1),
(6534, 281, 84, 1),
(6535, 281, 85, 1),
(6536, 281, 86, 1),
(6537, 281, 87, 1),
(6538, 281, 88, 1),
(6539, 281, 89, 1),
(6540, 281, 90, 1),
(6541, 281, 91, 1),
(6542, 281, 92, 1),
(6543, 281, 93, 1),
(6544, 281, 94, 1),
(6552, 282, 71, 1),
(6553, 282, 72, 1),
(6554, 282, 73, 1),
(6555, 282, 74, 1),
(6556, 282, 75, 1),
(6557, 282, 76, 1),
(6558, 282, 77, 1),
(6559, 282, 78, 1),
(6560, 282, 79, 1),
(6561, 282, 80, 1),
(6562, 282, 81, 1),
(6563, 282, 82, 1),
(6564, 282, 83, 1),
(6565, 282, 84, 1),
(6566, 282, 85, 1),
(6567, 282, 86, 1),
(6568, 282, 87, 1),
(6569, 282, 88, 1),
(6570, 282, 89, 1),
(6571, 282, 90, 1),
(6572, 282, 91, 1),
(6573, 282, 92, 1),
(6574, 282, 93, 1),
(6575, 282, 94, 1),
(6583, 283, 71, 1),
(6584, 283, 72, 1),
(6585, 283, 73, 1),
(6586, 283, 74, 1),
(6587, 283, 75, 1),
(6588, 283, 76, 1),
(6589, 283, 77, 1),
(6590, 283, 78, 1),
(6591, 283, 79, 1),
(6592, 283, 80, 1),
(6593, 283, 81, 1),
(6594, 283, 82, 1),
(6595, 283, 83, 1),
(6596, 283, 84, 1),
(6597, 283, 85, 1),
(6598, 283, 86, 1),
(6599, 283, 87, 1),
(6600, 283, 88, 1),
(6601, 283, 89, 1),
(6602, 283, 90, 1),
(6603, 283, 91, 1),
(6604, 283, 92, 1),
(6605, 283, 93, 1),
(6606, 283, 94, 1),
(6614, 284, 71, 1),
(6615, 284, 72, 1),
(6616, 284, 73, 1),
(6617, 284, 74, 1),
(6618, 284, 75, 1),
(6619, 284, 76, 1),
(6620, 284, 77, 1),
(6621, 284, 78, 1),
(6622, 284, 79, 1),
(6623, 284, 80, 1),
(6624, 284, 81, 1),
(6625, 284, 82, 1),
(6626, 284, 83, 1),
(6627, 284, 84, 1),
(6628, 284, 85, 1),
(6629, 284, 86, 1),
(6630, 284, 87, 1),
(6631, 284, 88, 1),
(6632, 284, 89, 1),
(6633, 284, 90, 1),
(6634, 284, 91, 1),
(6635, 284, 92, 1),
(6636, 284, 93, 1),
(6637, 284, 94, 1),
(6645, 285, 71, 1),
(6646, 285, 72, 1),
(6647, 285, 73, 1),
(6648, 285, 74, 1),
(6649, 285, 75, 1),
(6650, 285, 76, 1),
(6651, 285, 77, 1);
INSERT INTO `showtime_seat` (`id`, `showtime_id`, `seat_id`, `is_available`) VALUES
(6652, 285, 78, 1),
(6653, 285, 79, 1),
(6654, 285, 80, 1),
(6655, 285, 81, 1),
(6656, 285, 82, 1),
(6657, 285, 83, 1),
(6658, 285, 84, 1),
(6659, 285, 85, 1),
(6660, 285, 86, 1),
(6661, 285, 87, 1),
(6662, 285, 88, 1),
(6663, 285, 89, 1),
(6664, 285, 90, 1),
(6665, 285, 91, 1),
(6666, 285, 92, 1),
(6667, 285, 93, 1),
(6668, 285, 94, 1),
(6676, 286, 71, 1),
(6677, 286, 72, 1),
(6678, 286, 73, 1),
(6679, 286, 74, 1),
(6680, 286, 75, 1),
(6681, 286, 76, 1),
(6682, 286, 77, 1),
(6683, 286, 78, 1),
(6684, 286, 79, 1),
(6685, 286, 80, 1),
(6686, 286, 81, 1),
(6687, 286, 82, 1),
(6688, 286, 83, 1),
(6689, 286, 84, 1),
(6690, 286, 85, 1),
(6691, 286, 86, 1),
(6692, 286, 87, 1),
(6693, 286, 88, 1),
(6694, 286, 89, 1),
(6695, 286, 90, 1),
(6696, 286, 91, 1),
(6697, 286, 92, 1),
(6698, 286, 93, 1),
(6699, 286, 94, 1),
(6707, 287, 95, 1),
(6708, 287, 96, 1),
(6709, 287, 97, 1),
(6710, 287, 98, 1),
(6711, 287, 99, 1),
(6712, 287, 100, 1),
(6713, 287, 101, 1),
(6714, 287, 102, 1),
(6715, 287, 103, 1),
(6716, 287, 104, 1),
(6722, 288, 95, 1),
(6723, 288, 96, 1),
(6724, 288, 97, 1),
(6725, 288, 98, 1),
(6726, 288, 99, 1),
(6727, 288, 100, 1),
(6728, 288, 101, 1),
(6729, 288, 102, 1),
(6730, 288, 103, 1),
(6731, 288, 104, 1),
(6737, 289, 95, 1),
(6738, 289, 96, 1),
(6739, 289, 97, 1),
(6740, 289, 98, 1),
(6741, 289, 99, 1),
(6742, 289, 100, 1),
(6743, 289, 101, 1),
(6744, 289, 102, 1),
(6745, 289, 103, 1),
(6746, 289, 104, 1),
(6752, 290, 95, 1),
(6753, 290, 96, 1),
(6754, 290, 97, 1),
(6755, 290, 98, 1),
(6756, 290, 99, 1),
(6757, 290, 100, 1),
(6758, 290, 101, 1),
(6759, 290, 102, 1),
(6760, 290, 103, 1),
(6761, 290, 104, 1),
(6767, 291, 95, 1),
(6768, 291, 96, 1),
(6769, 291, 97, 1),
(6770, 291, 98, 1),
(6771, 291, 99, 1),
(6772, 291, 100, 1),
(6773, 291, 101, 1),
(6774, 291, 102, 1),
(6775, 291, 103, 1),
(6776, 291, 104, 1),
(6782, 292, 95, 1),
(6783, 292, 96, 1),
(6784, 292, 97, 1),
(6785, 292, 98, 1),
(6786, 292, 99, 1),
(6787, 292, 100, 1),
(6788, 292, 101, 1),
(6789, 292, 102, 1),
(6790, 292, 103, 1),
(6791, 292, 104, 1),
(6797, 293, 95, 1),
(6798, 293, 96, 1),
(6799, 293, 97, 1),
(6800, 293, 98, 1),
(6801, 293, 99, 1),
(6802, 293, 100, 1),
(6803, 293, 101, 1),
(6804, 293, 102, 1),
(6805, 293, 103, 1),
(6806, 293, 104, 1),
(6812, 294, 95, 1),
(6813, 294, 96, 1),
(6814, 294, 97, 1),
(6815, 294, 98, 1),
(6816, 294, 99, 1),
(6817, 294, 100, 1),
(6818, 294, 101, 1),
(6819, 294, 102, 1),
(6820, 294, 103, 1),
(6821, 294, 104, 1),
(6827, 295, 95, 1),
(6828, 295, 96, 1),
(6829, 295, 97, 1),
(6830, 295, 98, 1),
(6831, 295, 99, 1),
(6832, 295, 100, 1),
(6833, 295, 101, 1),
(6834, 295, 102, 1),
(6835, 295, 103, 1),
(6836, 295, 104, 1),
(6842, 296, 95, 1),
(6843, 296, 96, 1),
(6844, 296, 97, 1),
(6845, 296, 98, 1),
(6846, 296, 99, 1),
(6847, 296, 100, 1),
(6848, 296, 101, 1),
(6849, 296, 102, 1),
(6850, 296, 103, 1),
(6851, 296, 104, 1),
(6857, 297, 95, 1),
(6858, 297, 96, 1),
(6859, 297, 97, 1),
(6860, 297, 98, 1),
(6861, 297, 99, 1),
(6862, 297, 100, 1),
(6863, 297, 101, 1),
(6864, 297, 102, 1),
(6865, 297, 103, 1),
(6866, 297, 104, 1),
(6872, 298, 95, 1),
(6873, 298, 96, 1),
(6874, 298, 97, 1),
(6875, 298, 98, 1),
(6876, 298, 99, 1),
(6877, 298, 100, 1),
(6878, 298, 101, 1),
(6879, 298, 102, 1),
(6880, 298, 103, 1),
(6881, 298, 104, 1),
(6887, 299, 95, 1),
(6888, 299, 96, 1),
(6889, 299, 97, 1),
(6890, 299, 98, 1),
(6891, 299, 99, 1),
(6892, 299, 100, 1),
(6893, 299, 101, 1),
(6894, 299, 102, 1),
(6895, 299, 103, 1),
(6896, 299, 104, 1),
(6902, 300, 95, 1),
(6903, 300, 96, 1),
(6904, 300, 97, 1),
(6905, 300, 98, 1),
(6906, 300, 99, 1),
(6907, 300, 100, 1),
(6908, 300, 101, 1),
(6909, 300, 102, 1),
(6910, 300, 103, 1),
(6911, 300, 104, 1),
(6917, 301, 95, 1),
(6918, 301, 96, 1),
(6919, 301, 97, 1),
(6920, 301, 98, 1),
(6921, 301, 99, 1),
(6922, 301, 100, 1),
(6923, 301, 101, 1),
(6924, 301, 102, 1),
(6925, 301, 103, 1),
(6926, 301, 104, 1),
(6932, 302, 95, 1),
(6933, 302, 96, 1),
(6934, 302, 97, 1),
(6935, 302, 98, 1),
(6936, 302, 99, 1),
(6937, 302, 100, 1),
(6938, 302, 101, 1),
(6939, 302, 102, 1),
(6940, 302, 103, 1),
(6941, 302, 104, 1),
(6947, 303, 95, 1),
(6948, 303, 96, 1),
(6949, 303, 97, 1),
(6950, 303, 98, 1),
(6951, 303, 99, 1),
(6952, 303, 100, 1),
(6953, 303, 101, 1),
(6954, 303, 102, 1),
(6955, 303, 103, 1),
(6956, 303, 104, 1),
(6962, 304, 95, 1),
(6963, 304, 96, 1),
(6964, 304, 97, 1),
(6965, 304, 98, 1),
(6966, 304, 99, 1),
(6967, 304, 100, 1),
(6968, 304, 101, 1),
(6969, 304, 102, 1),
(6970, 304, 103, 1),
(6971, 304, 104, 1),
(6977, 305, 95, 1),
(6978, 305, 96, 1),
(6979, 305, 97, 1),
(6980, 305, 98, 1),
(6981, 305, 99, 1),
(6982, 305, 100, 1),
(6983, 305, 101, 1),
(6984, 305, 102, 1),
(6985, 305, 103, 1),
(6986, 305, 104, 1),
(6992, 306, 95, 1),
(6993, 306, 96, 1),
(6994, 306, 97, 1),
(6995, 306, 98, 1),
(6996, 306, 99, 1),
(6997, 306, 100, 1),
(6998, 306, 101, 1),
(6999, 306, 102, 1),
(7000, 306, 103, 1),
(7001, 306, 104, 1),
(7007, 307, 95, 1),
(7008, 307, 96, 1),
(7009, 307, 97, 1),
(7010, 307, 98, 1),
(7011, 307, 99, 1),
(7012, 307, 100, 1),
(7013, 307, 101, 1),
(7014, 307, 102, 1),
(7015, 307, 103, 1),
(7016, 307, 104, 1);

-- --------------------------------------------------------

--
-- Cấu trúc bảng cho bảng `theater`
--

DROP TABLE IF EXISTS `theater`;
CREATE TABLE IF NOT EXISTS `theater` (
  `id` int NOT NULL AUTO_INCREMENT,
  `name` varchar(50) NOT NULL,
  `capacity` int NOT NULL,
  `num_rows` int NOT NULL COMMENT 'Số hàng ghế',
  `seats_per_row` int NOT NULL COMMENT 'Số ghế mỗi hàng',
  PRIMARY KEY (`id`)
) ENGINE=InnoDB AUTO_INCREMENT=6 DEFAULT CHARSET=utf8mb4 COLLATE=utf8mb4_0900_ai_ci;

--
-- Đang đổ dữ liệu cho bảng `theater`
--

INSERT INTO `theater` (`id`, `name`, `capacity`, `num_rows`, `seats_per_row`) VALUES
(1, 'Rạp 1', 20, 2, 10),
(2, 'Rạp 2', 20, 2, 10),
(3, 'Rạp 3', 30, 3, 10),
(4, 'Rạp 4', 26, 4, 6),
(5, 'VIP', 10, 2, 5);

-- --------------------------------------------------------

--
-- Cấu trúc bảng cho bảng `ticket`
--

DROP TABLE IF EXISTS `ticket`;
CREATE TABLE IF NOT EXISTS `ticket` (
  `id` int NOT NULL AUTO_INCREMENT,
  `booking_id` int NOT NULL,
  `seat_id` int NOT NULL,
  `price` decimal(10,2) NOT NULL,
  `ticket_code` varchar(50) NOT NULL,
  `status` enum('active','used','cancelled') DEFAULT 'active',
  PRIMARY KEY (`id`),
  UNIQUE KEY `ticket_code` (`ticket_code`),
  UNIQUE KEY `unique_booking_seat` (`booking_id`,`seat_id`),
  KEY `seat_id` (`seat_id`)
) ENGINE=InnoDB AUTO_INCREMENT=51 DEFAULT CHARSET=utf8mb4 COLLATE=utf8mb4_0900_ai_ci;

--
-- Đang đổ dữ liệu cho bảng `ticket`
--

INSERT INTO `ticket` (`id`, `booking_id`, `seat_id`, `price`, `ticket_code`, `status`) VALUES
(44, 21, 103, 140000.00, 'TICKET-21-103-9537', 'active'),
(45, 22, 102, 140000.00, 'TICKET-22-102-1021', 'active'),
(46, 23, 53, 85000.00, 'TICKET-23-53-3160', 'active'),
(47, 23, 43, 85000.00, 'TICKET-23-43-3160', 'active'),
(48, 24, 62, 85000.00, 'TICKET-24-62-6327', 'active'),
(49, 25, 51, 85000.00, 'TICKET-25-51-1360', 'active'),
(50, 26, 12, 80000.00, 'TICKET-26-12-0821', 'active');

--
-- Các ràng buộc cho các bảng đã đổ
--

--
-- Các ràng buộc cho bảng `booking`
--
ALTER TABLE `booking`
  ADD CONSTRAINT `fk_booking_showtime` FOREIGN KEY (`showtime_id`) REFERENCES `showtime` (`id`) ON DELETE CASCADE ON UPDATE CASCADE,
  ADD CONSTRAINT `fk_booking_user` FOREIGN KEY (`user_id`) REFERENCES `registered_user` (`id`) ON DELETE CASCADE ON UPDATE CASCADE;

--
-- Các ràng buộc cho bảng `payment`
--
ALTER TABLE `payment`
  ADD CONSTRAINT `fk_payment_booking` FOREIGN KEY (`booking_id`) REFERENCES `booking` (`id`) ON DELETE CASCADE ON UPDATE CASCADE;

--
-- Các ràng buộc cho bảng `seat`
--
ALTER TABLE `seat`
  ADD CONSTRAINT `fk_seat_theater` FOREIGN KEY (`theater_id`) REFERENCES `theater` (`id`) ON DELETE CASCADE ON UPDATE CASCADE;

--
-- Các ràng buộc cho bảng `showtime`
--
ALTER TABLE `showtime`
  ADD CONSTRAINT `fk_showtime_movie` FOREIGN KEY (`movie_id`) REFERENCES `movie` (`id`) ON DELETE CASCADE ON UPDATE CASCADE,
  ADD CONSTRAINT `fk_showtime_theater` FOREIGN KEY (`theater_id`) REFERENCES `theater` (`id`) ON DELETE CASCADE ON UPDATE CASCADE;

--
-- Các ràng buộc cho bảng `showtime_seat`
--
ALTER TABLE `showtime_seat`
  ADD CONSTRAINT `fk_showtimeseat_seat` FOREIGN KEY (`seat_id`) REFERENCES `seat` (`id`) ON DELETE CASCADE ON UPDATE CASCADE,
  ADD CONSTRAINT `fk_showtimeseat_showtime` FOREIGN KEY (`showtime_id`) REFERENCES `showtime` (`id`) ON DELETE CASCADE ON UPDATE CASCADE;

--
-- Các ràng buộc cho bảng `ticket`
--
ALTER TABLE `ticket`
  ADD CONSTRAINT `fk_ticket_booking` FOREIGN KEY (`booking_id`) REFERENCES `booking` (`id`) ON DELETE CASCADE ON UPDATE CASCADE,
  ADD CONSTRAINT `fk_ticket_seat` FOREIGN KEY (`seat_id`) REFERENCES `seat` (`id`) ON DELETE CASCADE ON UPDATE CASCADE;
COMMIT;

/*!40101 SET CHARACTER_SET_CLIENT=@OLD_CHARACTER_SET_CLIENT */;
/*!40101 SET CHARACTER_SET_RESULTS=@OLD_CHARACTER_SET_RESULTS */;
/*!40101 SET COLLATION_CONNECTION=@OLD_COLLATION_CONNECTION */;
